2026-05-20 15:10:25 - root - INFO - Logging initialized - Log file: ./logs\20260520_151024\ssgadd_20260520_151024.log
2026-05-20 15:10:25 - selenium.webdriver.common.selenium_manager - DEBUG - Selenium Manager binary found at: C:\Users\Mark Castro\AppData\Local\Programs\Python\Python311\Lib\site-packages\selenium\webdriver\common\windows\selenium-manager.exe
2026-05-20 15:10:25 - selenium.webdriver.common.selenium_manager - DEBUG - Executing process: C:\Users\Mark Castro\AppData\Local\Programs\Python\Python311\Lib\site-packages\selenium\webdriver\common\windows\selenium-manager.exe --browser chrome --debug --language-binding python --output json
2026-05-20 15:10:26 - selenium.webdriver.common.selenium_manager - DEBUG - chromedriver not found in PATH
2026-05-20 15:10:26 - selenium.webdriver.common.selenium_manager - DEBUG - chrome detected at C:\Program Files\Google\Chrome\Application\chrome.exe
2026-05-20 15:10:26 - selenium.webdriver.common.selenium_manager - DEBUG - Running command: wmic datafile where name='C:\\Program Files\\Google\\Chrome\\Application\\chrome.exe' get Version /value
2026-05-20 15:10:26 - selenium.webdriver.common.selenium_manager - DEBUG - Output: "\r\r\n\r\r\nVersion=148.0.7778.168\r\r\n\r\r\n\r\r\n\r"
2026-05-20 15:10:26 - selenium.webdriver.common.selenium_manager - DEBUG - Detected browser: chrome 148.0.7778.168
2026-05-20 15:10:26 - selenium.webdriver.common.selenium_manager - DEBUG - Required driver: chromedriver 148.0.7778.178
2026-05-20 15:10:26 - selenium.webdriver.common.selenium_manager - DEBUG - chromedriver 148.0.7778.178 already in the cache
2026-05-20 15:10:26 - selenium.webdriver.common.selenium_manager - DEBUG - Driver path: C:\Users\Mark Castro\.cache\selenium\chromedriver\win64\148.0.7778.178\chromedriver.exe
2026-05-20 15:10:26 - selenium.webdriver.common.selenium_manager - DEBUG - Browser path: C:\Program Files\Google\Chrome\Application\chrome.exe
2026-05-20 15:10:26 - selenium.webdriver.common.service - DEBUG - Started executable: `C:\Users\Mark Castro\.cache\selenium\chromedriver\win64\148.0.7778.178\chromedriver.exe` in a child process with pid: 13056 using 0 to output -3
2026-05-20 15:10:26 - selenium.webdriver.remote.remote_connection - DEBUG - POST http://localhost:56249/session {'capabilities': {'firstMatch': [{}], 'alwaysMatch': {'browserName': 'chrome', 'pageLoadStrategy': <PageLoadStrategy.normal: 'normal'>, 'browserVersion': None, 'goog:chromeOptions': {'extensions': [], 'binary': 'C:\\Program Files\\Google\\Chrome\\Application\\chrome.exe', 'args': ['--no-sandbox', '--disable-dev-shm-usage', '--window-size=1920,1080', '--user-agent=Mozilla/5.0 (Windows NT 10.0; Win64; x64) AppleWebKit/537.36']}}}}
2026-05-20 15:10:26 - urllib3.connectionpool - DEBUG - Starting new HTTP connection (1): localhost:56249
2026-05-20 15:10:28 - urllib3.connectionpool - DEBUG - http://localhost:56249 "POST /session HTTP/1.1" 200 0
2026-05-20 15:10:28 - selenium.webdriver.remote.remote_connection - DEBUG - Remote response: status=200 | data={"value":{"capabilities":{"acceptInsecureCerts":false,"browserName":"chrome","browserVersion":"148.0.7778.168","chrome":{"chromedriverVersion":"148.0.7778.178 (d096af1c9e98c45c3596e59620622b1a049bfecb-refs/branch-heads/7778@{#3196})","userDataDir":"C:\\Users\\MARKCA~1\\AppData\\Local\\Temp\\scoped_dir13056_2085455777"},"fedcm:accounts":true,"goog:chromeOptions":{"debuggerAddress":"localhost:56253"},"goog:processID":15884,"networkConnectionEnabled":false,"pageLoadStrategy":"normal","platformName":"windows","proxy":{},"setWindowRect":true,"strictFileInteractability":false,"timeouts":{"implicit":0,"pageLoad":300000,"script":30000},"unhandledPromptBehavior":"dismiss and notify","webauthn:extension:credBlob":true,"webauthn:extension:largeBlob":true,"webauthn:extension:minPinLength":true,"webauthn:extension:prf":true,"webauthn:virtualAuthenticators":true},"sessionId":"58134fd4fd99316410d22580f3a0ff53"}} | headers=HTTPHeaderDict({'Content-Length': '910', 'Content-Type': 'application/json; charset=utf-8', 'cache-control': 'no-cache'})
2026-05-20 15:10:28 - selenium.webdriver.remote.remote_connection - DEBUG - Finished Request
2026-05-20 15:10:28 - selenium.webdriver.remote.remote_connection - DEBUG - POST http://localhost:56249/session/58134fd4fd99316410d22580f3a0ff53/timeouts {'pageLoad': 20000}
2026-05-20 15:10:28 - urllib3.connectionpool - DEBUG - http://localhost:56249 "POST /session/58134fd4fd99316410d22580f3a0ff53/timeouts HTTP/1.1" 200 0
2026-05-20 15:10:28 - selenium.webdriver.remote.remote_connection - DEBUG - Remote response: status=200 | data={"value":null} | headers=HTTPHeaderDict({'Content-Length': '14', 'Content-Type': 'application/json; charset=utf-8', 'cache-control': 'no-cache'})
2026-05-20 15:10:28 - selenium.webdriver.remote.remote_connection - DEBUG - Finished Request
2026-05-20 15:10:28 - scraper - INFO - Chrome driver initialized
2026-05-20 15:10:28 - scraper - INFO - 
======================================================================
2026-05-20 15:10:28 - scraper - INFO - Scraping JNK: https://www.ssga.com/us/en/intermediary/etfs/spdr-bloomberg-high-yield-bond-etf-jnk
2026-05-20 15:10:28 - scraper - INFO - ======================================================================
2026-05-20 15:10:28 - scraper - INFO - Navigating to https://www.ssga.com/us/en/intermediary/etfs/spdr-bloomberg-high-yield-bond-etf-jnk
2026-05-20 15:10:28 - selenium.webdriver.remote.remote_connection - DEBUG - POST http://localhost:56249/session/58134fd4fd99316410d22580f3a0ff53/url {'url': 'https://www.ssga.com/us/en/intermediary/etfs/spdr-bloomberg-high-yield-bond-etf-jnk'}
2026-05-20 15:10:31 - urllib3.connectionpool - DEBUG - http://localhost:56249 "POST /session/58134fd4fd99316410d22580f3a0ff53/url HTTP/1.1" 200 0
2026-05-20 15:10:31 - selenium.webdriver.remote.remote_connection - DEBUG - Remote response: status=200 | data={"value":null} | headers=HTTPHeaderDict({'Content-Length': '14', 'Content-Type': 'application/json; charset=utf-8', 'cache-control': 'no-cache'})
2026-05-20 15:10:31 - selenium.webdriver.remote.remote_connection - DEBUG - Finished Request
2026-05-20 15:10:34 - scraper - INFO - Page loaded successfully
2026-05-20 15:10:34 - scraper - INFO - Checking for cookie modal...
2026-05-20 15:10:34 - selenium.webdriver.remote.remote_connection - DEBUG - POST http://localhost:56249/session/58134fd4fd99316410d22580f3a0ff53/element {'using': 'css selector', 'value': 'div#ssmp-self-identifier-modal'}
2026-05-20 15:10:34 - urllib3.connectionpool - DEBUG - http://localhost:56249 "POST /session/58134fd4fd99316410d22580f3a0ff53/element HTTP/1.1" 200 0
2026-05-20 15:10:34 - selenium.webdriver.remote.remote_connection - DEBUG - Remote response: status=200 | data={"value":{"element-6066-11e4-a52e-4f735466cecf":"f.EB2F3A6C47F91EB9FEC21F0E470A15F4.d.77F1ACC3762FB591BA8ABFC2F09F5109.e.46"}} | headers=HTTPHeaderDict({'Content-Length': '126', 'Content-Type': 'application/json; charset=utf-8', 'cache-control': 'no-cache'})
2026-05-20 15:10:34 - selenium.webdriver.remote.remote_connection - DEBUG - Finished Request
2026-05-20 15:10:34 - selenium.webdriver.remote.remote_connection - DEBUG - POST http://localhost:56249/session/58134fd4fd99316410d22580f3a0ff53/execute/sync {'script': '/* isDisplayed */return (function(){return (function(){var g=this||self;\nfunction aa(a){var b=typeof...', 'args': [{'element-6066-11e4-a52e-4f735466cecf': 'f.EB2F3A6C47F91EB9FEC21F0E470A15F4.d.77F1ACC3762FB591BA8ABFC2F09F5109.e.46'}]}
2026-05-20 15:10:34 - urllib3.connectionpool - DEBUG - http://localhost:56249 "POST /session/58134fd4fd99316410d22580f3a0ff53/execute/sync HTTP/1.1" 200 0
2026-05-20 15:10:34 - selenium.webdriver.remote.remote_connection - DEBUG - Remote response: status=200 | data={"value":true} | headers=HTTPHeaderDict({'Content-Length': '14', 'Content-Type': 'application/json; charset=utf-8', 'cache-control': 'no-cache'})
2026-05-20 15:10:34 - selenium.webdriver.remote.remote_connection - DEBUG - Finished Request
2026-05-20 15:10:34 - scraper - INFO - Cookie modal detected
2026-05-20 15:10:34 - selenium.webdriver.remote.remote_connection - DEBUG - POST http://localhost:56249/session/58134fd4fd99316410d22580f3a0ff53/element {'using': 'css selector', 'value': 'button#js-ssmp-clrButtonLabel'}
2026-05-20 15:10:34 - urllib3.connectionpool - DEBUG - http://localhost:56249 "POST /session/58134fd4fd99316410d22580f3a0ff53/element HTTP/1.1" 200 0
2026-05-20 15:10:34 - selenium.webdriver.remote.remote_connection - DEBUG - Remote response: status=200 | data={"value":{"element-6066-11e4-a52e-4f735466cecf":"f.EB2F3A6C47F91EB9FEC21F0E470A15F4.d.77F1ACC3762FB591BA8ABFC2F09F5109.e.47"}} | headers=HTTPHeaderDict({'Content-Length': '126', 'Content-Type': 'application/json; charset=utf-8', 'cache-control': 'no-cache'})
2026-05-20 15:10:34 - selenium.webdriver.remote.remote_connection - DEBUG - Finished Request
2026-05-20 15:10:34 - selenium.webdriver.remote.remote_connection - DEBUG - POST http://localhost:56249/session/58134fd4fd99316410d22580f3a0ff53/execute/sync {'script': '/* isDisplayed */return (function(){return (function(){var g=this||self;\nfunction aa(a){var b=typeof...', 'args': [{'element-6066-11e4-a52e-4f735466cecf': 'f.EB2F3A6C47F91EB9FEC21F0E470A15F4.d.77F1ACC3762FB591BA8ABFC2F09F5109.e.47'}]}
2026-05-20 15:10:34 - urllib3.connectionpool - DEBUG - http://localhost:56249 "POST /session/58134fd4fd99316410d22580f3a0ff53/execute/sync HTTP/1.1" 200 0
2026-05-20 15:10:34 - selenium.webdriver.remote.remote_connection - DEBUG - Remote response: status=200 | data={"value":true} | headers=HTTPHeaderDict({'Content-Length': '14', 'Content-Type': 'application/json; charset=utf-8', 'cache-control': 'no-cache'})
2026-05-20 15:10:34 - selenium.webdriver.remote.remote_connection - DEBUG - Finished Request
2026-05-20 15:10:34 - selenium.webdriver.remote.remote_connection - DEBUG - GET http://localhost:56249/session/58134fd4fd99316410d22580f3a0ff53/element/f.EB2F3A6C47F91EB9FEC21F0E470A15F4.d.77F1ACC3762FB591BA8ABFC2F09F5109.e.47/enabled {}
2026-05-20 15:10:34 - urllib3.connectionpool - DEBUG - http://localhost:56249 "GET /session/58134fd4fd99316410d22580f3a0ff53/element/f.EB2F3A6C47F91EB9FEC21F0E470A15F4.d.77F1ACC3762FB591BA8ABFC2F09F5109.e.47/enabled HTTP/1.1" 200 0
2026-05-20 15:10:34 - selenium.webdriver.remote.remote_connection - DEBUG - Remote response: status=200 | data={"value":true} | headers=HTTPHeaderDict({'Content-Length': '14', 'Content-Type': 'application/json; charset=utf-8', 'cache-control': 'no-cache'})
2026-05-20 15:10:34 - selenium.webdriver.remote.remote_connection - DEBUG - Finished Request
2026-05-20 15:10:34 - selenium.webdriver.remote.remote_connection - DEBUG - POST http://localhost:56249/session/58134fd4fd99316410d22580f3a0ff53/element/f.EB2F3A6C47F91EB9FEC21F0E470A15F4.d.77F1ACC3762FB591BA8ABFC2F09F5109.e.47/click {}
2026-05-20 15:10:34 - urllib3.connectionpool - DEBUG - http://localhost:56249 "POST /session/58134fd4fd99316410d22580f3a0ff53/element/f.EB2F3A6C47F91EB9FEC21F0E470A15F4.d.77F1ACC3762FB591BA8ABFC2F09F5109.e.47/click HTTP/1.1" 200 0
2026-05-20 15:10:34 - selenium.webdriver.remote.remote_connection - DEBUG - Remote response: status=200 | data={"value":null} | headers=HTTPHeaderDict({'Content-Length': '14', 'Content-Type': 'application/json; charset=utf-8', 'cache-control': 'no-cache'})
2026-05-20 15:10:34 - selenium.webdriver.remote.remote_connection - DEBUG - Finished Request
2026-05-20 15:10:34 - scraper - INFO - Clicked 'Accept and Save Cookies' button
2026-05-20 15:10:34 - selenium.webdriver.remote.remote_connection - DEBUG - POST http://localhost:56249/session/58134fd4fd99316410d22580f3a0ff53/element {'using': 'css selector', 'value': 'div#ssmp-self-identifier-modal'}
2026-05-20 15:10:34 - urllib3.connectionpool - DEBUG - http://localhost:56249 "POST /session/58134fd4fd99316410d22580f3a0ff53/element HTTP/1.1" 200 0
2026-05-20 15:10:34 - selenium.webdriver.remote.remote_connection - DEBUG - Remote response: status=200 | data={"value":{"element-6066-11e4-a52e-4f735466cecf":"f.EB2F3A6C47F91EB9FEC21F0E470A15F4.d.77F1ACC3762FB591BA8ABFC2F09F5109.e.46"}} | headers=HTTPHeaderDict({'Content-Length': '126', 'Content-Type': 'application/json; charset=utf-8', 'cache-control': 'no-cache'})
2026-05-20 15:10:34 - selenium.webdriver.remote.remote_connection - DEBUG - Finished Request
2026-05-20 15:10:34 - selenium.webdriver.remote.remote_connection - DEBUG - POST http://localhost:56249/session/58134fd4fd99316410d22580f3a0ff53/execute/sync {'script': '/* isDisplayed */return (function(){return (function(){var g=this||self;\nfunction aa(a){var b=typeof...', 'args': [{'element-6066-11e4-a52e-4f735466cecf': 'f.EB2F3A6C47F91EB9FEC21F0E470A15F4.d.77F1ACC3762FB591BA8ABFC2F09F5109.e.46'}]}
2026-05-20 15:10:34 - urllib3.connectionpool - DEBUG - http://localhost:56249 "POST /session/58134fd4fd99316410d22580f3a0ff53/execute/sync HTTP/1.1" 200 0
2026-05-20 15:10:34 - selenium.webdriver.remote.remote_connection - DEBUG - Remote response: status=200 | data={"value":true} | headers=HTTPHeaderDict({'Content-Length': '14', 'Content-Type': 'application/json; charset=utf-8', 'cache-control': 'no-cache'})
2026-05-20 15:10:34 - selenium.webdriver.remote.remote_connection - DEBUG - Finished Request
2026-05-20 15:10:34 - selenium.webdriver.remote.remote_connection - DEBUG - POST http://localhost:56249/session/58134fd4fd99316410d22580f3a0ff53/element {'using': 'css selector', 'value': 'div#ssmp-self-identifier-modal'}
2026-05-20 15:10:34 - urllib3.connectionpool - DEBUG - http://localhost:56249 "POST /session/58134fd4fd99316410d22580f3a0ff53/element HTTP/1.1" 200 0
2026-05-20 15:10:34 - selenium.webdriver.remote.remote_connection - DEBUG - Remote response: status=200 | data={"value":{"element-6066-11e4-a52e-4f735466cecf":"f.EB2F3A6C47F91EB9FEC21F0E470A15F4.d.77F1ACC3762FB591BA8ABFC2F09F5109.e.46"}} | headers=HTTPHeaderDict({'Content-Length': '126', 'Content-Type': 'application/json; charset=utf-8', 'cache-control': 'no-cache'})
2026-05-20 15:10:34 - selenium.webdriver.remote.remote_connection - DEBUG - Finished Request
2026-05-20 15:10:34 - selenium.webdriver.remote.remote_connection - DEBUG - POST http://localhost:56249/session/58134fd4fd99316410d22580f3a0ff53/execute/sync {'script': '/* isDisplayed */return (function(){return (function(){var g=this||self;\nfunction aa(a){var b=typeof...', 'args': [{'element-6066-11e4-a52e-4f735466cecf': 'f.EB2F3A6C47F91EB9FEC21F0E470A15F4.d.77F1ACC3762FB591BA8ABFC2F09F5109.e.46'}]}
2026-05-20 15:10:34 - urllib3.connectionpool - DEBUG - http://localhost:56249 "POST /session/58134fd4fd99316410d22580f3a0ff53/execute/sync HTTP/1.1" 200 0
2026-05-20 15:10:34 - selenium.webdriver.remote.remote_connection - DEBUG - Remote response: status=200 | data={"value":true} | headers=HTTPHeaderDict({'Content-Length': '14', 'Content-Type': 'application/json; charset=utf-8', 'cache-control': 'no-cache'})
2026-05-20 15:10:34 - selenium.webdriver.remote.remote_connection - DEBUG - Finished Request
2026-05-20 15:10:35 - selenium.webdriver.remote.remote_connection - DEBUG - POST http://localhost:56249/session/58134fd4fd99316410d22580f3a0ff53/element {'using': 'css selector', 'value': 'div#ssmp-self-identifier-modal'}
2026-05-20 15:10:35 - urllib3.connectionpool - DEBUG - http://localhost:56249 "POST /session/58134fd4fd99316410d22580f3a0ff53/element HTTP/1.1" 200 0
2026-05-20 15:10:35 - selenium.webdriver.remote.remote_connection - DEBUG - Remote response: status=200 | data={"value":{"element-6066-11e4-a52e-4f735466cecf":"f.EB2F3A6C47F91EB9FEC21F0E470A15F4.d.77F1ACC3762FB591BA8ABFC2F09F5109.e.46"}} | headers=HTTPHeaderDict({'Content-Length': '126', 'Content-Type': 'application/json; charset=utf-8', 'cache-control': 'no-cache'})
2026-05-20 15:10:35 - selenium.webdriver.remote.remote_connection - DEBUG - Finished Request
2026-05-20 15:10:35 - selenium.webdriver.remote.remote_connection - DEBUG - POST http://localhost:56249/session/58134fd4fd99316410d22580f3a0ff53/execute/sync {'script': '/* isDisplayed */return (function(){return (function(){var g=this||self;\nfunction aa(a){var b=typeof...', 'args': [{'element-6066-11e4-a52e-4f735466cecf': 'f.EB2F3A6C47F91EB9FEC21F0E470A15F4.d.77F1ACC3762FB591BA8ABFC2F09F5109.e.46'}]}
2026-05-20 15:10:35 - urllib3.connectionpool - DEBUG - http://localhost:56249 "POST /session/58134fd4fd99316410d22580f3a0ff53/execute/sync HTTP/1.1" 200 0
2026-05-20 15:10:35 - selenium.webdriver.remote.remote_connection - DEBUG - Remote response: status=200 | data={"value":true} | headers=HTTPHeaderDict({'Content-Length': '14', 'Content-Type': 'application/json; charset=utf-8', 'cache-control': 'no-cache'})
2026-05-20 15:10:35 - selenium.webdriver.remote.remote_connection - DEBUG - Finished Request
2026-05-20 15:10:35 - selenium.webdriver.remote.remote_connection - DEBUG - POST http://localhost:56249/session/58134fd4fd99316410d22580f3a0ff53/element {'using': 'css selector', 'value': 'div#ssmp-self-identifier-modal'}
2026-05-20 15:10:35 - urllib3.connectionpool - DEBUG - http://localhost:56249 "POST /session/58134fd4fd99316410d22580f3a0ff53/element HTTP/1.1" 200 0
2026-05-20 15:10:35 - selenium.webdriver.remote.remote_connection - DEBUG - Remote response: status=200 | data={"value":{"element-6066-11e4-a52e-4f735466cecf":"f.EB2F3A6C47F91EB9FEC21F0E470A15F4.d.77F1ACC3762FB591BA8ABFC2F09F5109.e.46"}} | headers=HTTPHeaderDict({'Content-Length': '126', 'Content-Type': 'application/json; charset=utf-8', 'cache-control': 'no-cache'})
2026-05-20 15:10:35 - selenium.webdriver.remote.remote_connection - DEBUG - Finished Request
2026-05-20 15:10:36 - selenium.webdriver.remote.remote_connection - DEBUG - POST http://localhost:56249/session/58134fd4fd99316410d22580f3a0ff53/execute/sync {'script': '/* isDisplayed */return (function(){return (function(){var g=this||self;\nfunction aa(a){var b=typeof...', 'args': [{'element-6066-11e4-a52e-4f735466cecf': 'f.EB2F3A6C47F91EB9FEC21F0E470A15F4.d.77F1ACC3762FB591BA8ABFC2F09F5109.e.46'}]}
2026-05-20 15:10:36 - urllib3.connectionpool - DEBUG - http://localhost:56249 "POST /session/58134fd4fd99316410d22580f3a0ff53/execute/sync HTTP/1.1" 200 0
2026-05-20 15:10:36 - selenium.webdriver.remote.remote_connection - DEBUG - Remote response: status=200 | data={"value":true} | headers=HTTPHeaderDict({'Content-Length': '14', 'Content-Type': 'application/json; charset=utf-8', 'cache-control': 'no-cache'})
2026-05-20 15:10:36 - selenium.webdriver.remote.remote_connection - DEBUG - Finished Request
2026-05-20 15:10:36 - selenium.webdriver.remote.remote_connection - DEBUG - POST http://localhost:56249/session/58134fd4fd99316410d22580f3a0ff53/element {'using': 'css selector', 'value': 'div#ssmp-self-identifier-modal'}
2026-05-20 15:10:36 - urllib3.connectionpool - DEBUG - http://localhost:56249 "POST /session/58134fd4fd99316410d22580f3a0ff53/element HTTP/1.1" 200 0
2026-05-20 15:10:36 - selenium.webdriver.remote.remote_connection - DEBUG - Remote response: status=200 | data={"value":{"element-6066-11e4-a52e-4f735466cecf":"f.EB2F3A6C47F91EB9FEC21F0E470A15F4.d.77F1ACC3762FB591BA8ABFC2F09F5109.e.46"}} | headers=HTTPHeaderDict({'Content-Length': '126', 'Content-Type': 'application/json; charset=utf-8', 'cache-control': 'no-cache'})
2026-05-20 15:10:36 - selenium.webdriver.remote.remote_connection - DEBUG - Finished Request
2026-05-20 15:10:36 - selenium.webdriver.remote.remote_connection - DEBUG - POST http://localhost:56249/session/58134fd4fd99316410d22580f3a0ff53/execute/sync {'script': '/* isDisplayed */return (function(){return (function(){var g=this||self;\nfunction aa(a){var b=typeof...', 'args': [{'element-6066-11e4-a52e-4f735466cecf': 'f.EB2F3A6C47F91EB9FEC21F0E470A15F4.d.77F1ACC3762FB591BA8ABFC2F09F5109.e.46'}]}
2026-05-20 15:10:36 - urllib3.connectionpool - DEBUG - http://localhost:56249 "POST /session/58134fd4fd99316410d22580f3a0ff53/execute/sync HTTP/1.1" 200 0
2026-05-20 15:10:36 - selenium.webdriver.remote.remote_connection - DEBUG - Remote response: status=200 | data={"value":true} | headers=HTTPHeaderDict({'Content-Length': '14', 'Content-Type': 'application/json; charset=utf-8', 'cache-control': 'no-cache'})
2026-05-20 15:10:36 - selenium.webdriver.remote.remote_connection - DEBUG - Finished Request
2026-05-20 15:10:37 - selenium.webdriver.remote.remote_connection - DEBUG - POST http://localhost:56249/session/58134fd4fd99316410d22580f3a0ff53/element {'using': 'css selector', 'value': 'div#ssmp-self-identifier-modal'}
2026-05-20 15:10:37 - urllib3.connectionpool - DEBUG - http://localhost:56249 "POST /session/58134fd4fd99316410d22580f3a0ff53/element HTTP/1.1" 200 0
2026-05-20 15:10:37 - selenium.webdriver.remote.remote_connection - DEBUG - Remote response: status=200 | data={"value":{"element-6066-11e4-a52e-4f735466cecf":"f.EB2F3A6C47F91EB9FEC21F0E470A15F4.d.77F1ACC3762FB591BA8ABFC2F09F5109.e.46"}} | headers=HTTPHeaderDict({'Content-Length': '126', 'Content-Type': 'application/json; charset=utf-8', 'cache-control': 'no-cache'})
2026-05-20 15:10:37 - selenium.webdriver.remote.remote_connection - DEBUG - Finished Request
2026-05-20 15:10:37 - selenium.webdriver.remote.remote_connection - DEBUG - POST http://localhost:56249/session/58134fd4fd99316410d22580f3a0ff53/execute/sync {'script': '/* isDisplayed */return (function(){return (function(){var g=this||self;\nfunction aa(a){var b=typeof...', 'args': [{'element-6066-11e4-a52e-4f735466cecf': 'f.EB2F3A6C47F91EB9FEC21F0E470A15F4.d.77F1ACC3762FB591BA8ABFC2F09F5109.e.46'}]}
2026-05-20 15:10:37 - urllib3.connectionpool - DEBUG - http://localhost:56249 "POST /session/58134fd4fd99316410d22580f3a0ff53/execute/sync HTTP/1.1" 200 0
2026-05-20 15:10:37 - selenium.webdriver.remote.remote_connection - DEBUG - Remote response: status=200 | data={"value":true} | headers=HTTPHeaderDict({'Content-Length': '14', 'Content-Type': 'application/json; charset=utf-8', 'cache-control': 'no-cache'})
2026-05-20 15:10:37 - selenium.webdriver.remote.remote_connection - DEBUG - Finished Request
2026-05-20 15:10:37 - selenium.webdriver.remote.remote_connection - DEBUG - POST http://localhost:56249/session/58134fd4fd99316410d22580f3a0ff53/element {'using': 'css selector', 'value': 'div#ssmp-self-identifier-modal'}
2026-05-20 15:10:41 - urllib3.connectionpool - DEBUG - http://localhost:56249 "POST /session/58134fd4fd99316410d22580f3a0ff53/element HTTP/1.1" 200 0
2026-05-20 15:10:41 - selenium.webdriver.remote.remote_connection - DEBUG - Remote response: status=200 | data={"value":{"element-6066-11e4-a52e-4f735466cecf":"f.EB2F3A6C47F91EB9FEC21F0E470A15F4.d.0E8E0275670DED95948FBE746ED05EB0.e.97"}} | headers=HTTPHeaderDict({'Content-Length': '126', 'Content-Type': 'application/json; charset=utf-8', 'cache-control': 'no-cache'})
2026-05-20 15:10:41 - selenium.webdriver.remote.remote_connection - DEBUG - Finished Request
2026-05-20 15:10:41 - selenium.webdriver.remote.remote_connection - DEBUG - POST http://localhost:56249/session/58134fd4fd99316410d22580f3a0ff53/execute/sync {'script': '/* isDisplayed */return (function(){return (function(){var g=this||self;\nfunction aa(a){var b=typeof...', 'args': [{'element-6066-11e4-a52e-4f735466cecf': 'f.EB2F3A6C47F91EB9FEC21F0E470A15F4.d.0E8E0275670DED95948FBE746ED05EB0.e.97'}]}
2026-05-20 15:10:41 - urllib3.connectionpool - DEBUG - http://localhost:56249 "POST /session/58134fd4fd99316410d22580f3a0ff53/execute/sync HTTP/1.1" 200 0
2026-05-20 15:10:41 - selenium.webdriver.remote.remote_connection - DEBUG - Remote response: status=200 | data={"value":false} | headers=HTTPHeaderDict({'Content-Length': '15', 'Content-Type': 'application/json; charset=utf-8', 'cache-control': 'no-cache'})
2026-05-20 15:10:41 - selenium.webdriver.remote.remote_connection - DEBUG - Finished Request
2026-05-20 15:10:41 - scraper - INFO - Cookie modal dismissed successfully
2026-05-20 15:10:41 - scraper - INFO - Scrolling to Fund Characteristics section...
2026-05-20 15:10:41 - selenium.webdriver.remote.remote_connection - DEBUG - POST http://localhost:56249/session/58134fd4fd99316410d22580f3a0ff53/elements {'using': 'css selector', 'value': 'div.keyvalue.fundcomps'}
2026-05-20 15:10:41 - urllib3.connectionpool - DEBUG - http://localhost:56249 "POST /session/58134fd4fd99316410d22580f3a0ff53/elements HTTP/1.1" 200 0
2026-05-20 15:10:41 - selenium.webdriver.remote.remote_connection - DEBUG - Remote response: status=200 | data={"value":[{"element-6066-11e4-a52e-4f735466cecf":"f.EB2F3A6C47F91EB9FEC21F0E470A15F4.d.0E8E0275670DED95948FBE746ED05EB0.e.98"},{"element-6066-11e4-a52e-4f735466cecf":"f.EB2F3A6C47F91EB9FEC21F0E470A15F4.d.0E8E0275670DED95948FBE746ED05EB0.e.99"},{"element-6066-11e4-a52e-4f735466cecf":"f.EB2F3A6C47F91EB9FEC21F0E470A15F4.d.0E8E0275670DED95948FBE746ED05EB0.e.100"},{"element-6066-11e4-a52e-4f735466cecf":"f.EB2F3A6C47F91EB9FEC21F0E470A15F4.d.0E8E0275670DED95948FBE746ED05EB0.e.101"},{"element-6066-11e4-a52e-4f735466cecf":"f.EB2F3A6C47F91EB9FEC21F0E470A15F4.d.0E8E0275670DED95948FBE746ED05EB0.e.102"},{"element-6066-11e4-a52e-4f735466cecf":"f.EB2F3A6C47F91EB9FEC21F0E470A15F4.d.0E8E0275670DED95948FBE746ED05EB0.e.103"},{"element-6066-11e4-a52e-4f735466cecf":"f.EB2F3A6C47F91EB9FEC21F0E470A15F4.d.0E8E0275670DED95948FBE746ED05EB0.e.104"},{"element-6066-11e4-a52e-4f735466cecf":"f.EB2F3A6C47F91EB9FEC21F0E470A15F4.d.0E8E0275670DED95948FBE746ED05EB0.e.105"},{"element-6066-11e4-a52e-4f735466cecf":"f.EB2F3A6C47F91EB9FEC21F0E470A15F4.d.0E8E0275670DED95948FBE746ED05EB0.e.106"}]} | headers=HTTPHeaderDict({'Content-Length': '1071', 'Content-Type': 'application/json; charset=utf-8', 'cache-control': 'no-cache'})
2026-05-20 15:10:41 - selenium.webdriver.remote.remote_connection - DEBUG - Finished Request
2026-05-20 15:10:41 - selenium.webdriver.remote.remote_connection - DEBUG - POST http://localhost:56249/session/58134fd4fd99316410d22580f3a0ff53/element/f.EB2F3A6C47F91EB9FEC21F0E470A15F4.d.0E8E0275670DED95948FBE746ED05EB0.e.98/element {'using': 'css selector', 'value': 'h2.comp-title'}
2026-05-20 15:10:41 - urllib3.connectionpool - DEBUG - http://localhost:56249 "POST /session/58134fd4fd99316410d22580f3a0ff53/element/f.EB2F3A6C47F91EB9FEC21F0E470A15F4.d.0E8E0275670DED95948FBE746ED05EB0.e.98/element HTTP/1.1" 200 0
2026-05-20 15:10:41 - selenium.webdriver.remote.remote_connection - DEBUG - Remote response: status=200 | data={"value":{"element-6066-11e4-a52e-4f735466cecf":"f.EB2F3A6C47F91EB9FEC21F0E470A15F4.d.0E8E0275670DED95948FBE746ED05EB0.e.107"}} | headers=HTTPHeaderDict({'Content-Length': '127', 'Content-Type': 'application/json; charset=utf-8', 'cache-control': 'no-cache'})
2026-05-20 15:10:41 - selenium.webdriver.remote.remote_connection - DEBUG - Finished Request
2026-05-20 15:10:41 - selenium.webdriver.remote.remote_connection - DEBUG - GET http://localhost:56249/session/58134fd4fd99316410d22580f3a0ff53/element/f.EB2F3A6C47F91EB9FEC21F0E470A15F4.d.0E8E0275670DED95948FBE746ED05EB0.e.107/text {}
2026-05-20 15:10:41 - urllib3.connectionpool - DEBUG - http://localhost:56249 "GET /session/58134fd4fd99316410d22580f3a0ff53/element/f.EB2F3A6C47F91EB9FEC21F0E470A15F4.d.0E8E0275670DED95948FBE746ED05EB0.e.107/text HTTP/1.1" 200 0
2026-05-20 15:10:41 - selenium.webdriver.remote.remote_connection - DEBUG - Remote response: status=200 | data={"value":"Fund Information as of May 20 2026"} | headers=HTTPHeaderDict({'Content-Length': '46', 'Content-Type': 'application/json; charset=utf-8', 'cache-control': 'no-cache'})
2026-05-20 15:10:41 - selenium.webdriver.remote.remote_connection - DEBUG - Finished Request
2026-05-20 15:10:41 - selenium.webdriver.remote.remote_connection - DEBUG - POST http://localhost:56249/session/58134fd4fd99316410d22580f3a0ff53/element/f.EB2F3A6C47F91EB9FEC21F0E470A15F4.d.0E8E0275670DED95948FBE746ED05EB0.e.99/element {'using': 'css selector', 'value': 'h2.comp-title'}
2026-05-20 15:10:41 - urllib3.connectionpool - DEBUG - http://localhost:56249 "POST /session/58134fd4fd99316410d22580f3a0ff53/element/f.EB2F3A6C47F91EB9FEC21F0E470A15F4.d.0E8E0275670DED95948FBE746ED05EB0.e.99/element HTTP/1.1" 200 0
2026-05-20 15:10:41 - selenium.webdriver.remote.remote_connection - DEBUG - Remote response: status=200 | data={"value":{"element-6066-11e4-a52e-4f735466cecf":"f.EB2F3A6C47F91EB9FEC21F0E470A15F4.d.0E8E0275670DED95948FBE746ED05EB0.e.108"}} | headers=HTTPHeaderDict({'Content-Length': '127', 'Content-Type': 'application/json; charset=utf-8', 'cache-control': 'no-cache'})
2026-05-20 15:10:41 - selenium.webdriver.remote.remote_connection - DEBUG - Finished Request
2026-05-20 15:10:41 - selenium.webdriver.remote.remote_connection - DEBUG - GET http://localhost:56249/session/58134fd4fd99316410d22580f3a0ff53/element/f.EB2F3A6C47F91EB9FEC21F0E470A15F4.d.0E8E0275670DED95948FBE746ED05EB0.e.108/text {}
2026-05-20 15:10:41 - urllib3.connectionpool - DEBUG - http://localhost:56249 "GET /session/58134fd4fd99316410d22580f3a0ff53/element/f.EB2F3A6C47F91EB9FEC21F0E470A15F4.d.0E8E0275670DED95948FBE746ED05EB0.e.108/text HTTP/1.1" 200 0
2026-05-20 15:10:41 - selenium.webdriver.remote.remote_connection - DEBUG - Remote response: status=200 | data={"value":"Fund Characteristics as of May 19 2026"} | headers=HTTPHeaderDict({'Content-Length': '50', 'Content-Type': 'application/json; charset=utf-8', 'cache-control': 'no-cache'})
2026-05-20 15:10:41 - selenium.webdriver.remote.remote_connection - DEBUG - Finished Request
2026-05-20 15:10:41 - selenium.webdriver.remote.remote_connection - DEBUG - POST http://localhost:56249/session/58134fd4fd99316410d22580f3a0ff53/execute/sync {'script': "arguments[0].scrollIntoView({behavior: 'smooth', block: 'center'});", 'args': [{'element-6066-11e4-a52e-4f735466cecf': 'f.EB2F3A6C47F91EB9FEC21F0E470A15F4.d.0E8E0275670DED95948FBE746ED05EB0.e.99'}]}
2026-05-20 15:10:41 - urllib3.connectionpool - DEBUG - http://localhost:56249 "POST /session/58134fd4fd99316410d22580f3a0ff53/execute/sync HTTP/1.1" 200 0
2026-05-20 15:10:41 - selenium.webdriver.remote.remote_connection - DEBUG - Remote response: status=200 | data={"value":null} | headers=HTTPHeaderDict({'Content-Length': '14', 'Content-Type': 'application/json; charset=utf-8', 'cache-control': 'no-cache'})
2026-05-20 15:10:41 - selenium.webdriver.remote.remote_connection - DEBUG - Finished Request
2026-05-20 15:10:43 - scraper - INFO - Scrolled to Fund Characteristics section
2026-05-20 15:10:43 - scraper - INFO - Extracting fund data for JNK...
2026-05-20 15:10:43 - selenium.webdriver.remote.remote_connection - DEBUG - POST http://localhost:56249/session/58134fd4fd99316410d22580f3a0ff53/elements {'using': 'css selector', 'value': 'div.keyvalue.fundcomps'}
2026-05-20 15:10:43 - urllib3.connectionpool - DEBUG - http://localhost:56249 "POST /session/58134fd4fd99316410d22580f3a0ff53/elements HTTP/1.1" 200 0
2026-05-20 15:10:43 - selenium.webdriver.remote.remote_connection - DEBUG - Remote response: status=200 | data={"value":[{"element-6066-11e4-a52e-4f735466cecf":"f.EB2F3A6C47F91EB9FEC21F0E470A15F4.d.0E8E0275670DED95948FBE746ED05EB0.e.98"},{"element-6066-11e4-a52e-4f735466cecf":"f.EB2F3A6C47F91EB9FEC21F0E470A15F4.d.0E8E0275670DED95948FBE746ED05EB0.e.99"},{"element-6066-11e4-a52e-4f735466cecf":"f.EB2F3A6C47F91EB9FEC21F0E470A15F4.d.0E8E0275670DED95948FBE746ED05EB0.e.100"},{"element-6066-11e4-a52e-4f735466cecf":"f.EB2F3A6C47F91EB9FEC21F0E470A15F4.d.0E8E0275670DED95948FBE746ED05EB0.e.101"},{"element-6066-11e4-a52e-4f735466cecf":"f.EB2F3A6C47F91EB9FEC21F0E470A15F4.d.0E8E0275670DED95948FBE746ED05EB0.e.102"},{"element-6066-11e4-a52e-4f735466cecf":"f.EB2F3A6C47F91EB9FEC21F0E470A15F4.d.0E8E0275670DED95948FBE746ED05EB0.e.103"},{"element-6066-11e4-a52e-4f735466cecf":"f.EB2F3A6C47F91EB9FEC21F0E470A15F4.d.0E8E0275670DED95948FBE746ED05EB0.e.104"},{"element-6066-11e4-a52e-4f735466cecf":"f.EB2F3A6C47F91EB9FEC21F0E470A15F4.d.0E8E0275670DED95948FBE746ED05EB0.e.105"},{"element-6066-11e4-a52e-4f735466cecf":"f.EB2F3A6C47F91EB9FEC21F0E470A15F4.d.0E8E0275670DED95948FBE746ED05EB0.e.106"}]} | headers=HTTPHeaderDict({'Content-Length': '1071', 'Content-Type': 'application/json; charset=utf-8', 'cache-control': 'no-cache'})
2026-05-20 15:10:43 - selenium.webdriver.remote.remote_connection - DEBUG - Finished Request
2026-05-20 15:10:43 - selenium.webdriver.remote.remote_connection - DEBUG - POST http://localhost:56249/session/58134fd4fd99316410d22580f3a0ff53/element/f.EB2F3A6C47F91EB9FEC21F0E470A15F4.d.0E8E0275670DED95948FBE746ED05EB0.e.98/element {'using': 'css selector', 'value': 'h2.comp-title'}
2026-05-20 15:10:43 - urllib3.connectionpool - DEBUG - http://localhost:56249 "POST /session/58134fd4fd99316410d22580f3a0ff53/element/f.EB2F3A6C47F91EB9FEC21F0E470A15F4.d.0E8E0275670DED95948FBE746ED05EB0.e.98/element HTTP/1.1" 200 0
2026-05-20 15:10:43 - selenium.webdriver.remote.remote_connection - DEBUG - Remote response: status=200 | data={"value":{"element-6066-11e4-a52e-4f735466cecf":"f.EB2F3A6C47F91EB9FEC21F0E470A15F4.d.0E8E0275670DED95948FBE746ED05EB0.e.107"}} | headers=HTTPHeaderDict({'Content-Length': '127', 'Content-Type': 'application/json; charset=utf-8', 'cache-control': 'no-cache'})
2026-05-20 15:10:43 - selenium.webdriver.remote.remote_connection - DEBUG - Finished Request
2026-05-20 15:10:43 - selenium.webdriver.remote.remote_connection - DEBUG - GET http://localhost:56249/session/58134fd4fd99316410d22580f3a0ff53/element/f.EB2F3A6C47F91EB9FEC21F0E470A15F4.d.0E8E0275670DED95948FBE746ED05EB0.e.107/text {}
2026-05-20 15:10:43 - urllib3.connectionpool - DEBUG - http://localhost:56249 "GET /session/58134fd4fd99316410d22580f3a0ff53/element/f.EB2F3A6C47F91EB9FEC21F0E470A15F4.d.0E8E0275670DED95948FBE746ED05EB0.e.107/text HTTP/1.1" 200 0
2026-05-20 15:10:43 - selenium.webdriver.remote.remote_connection - DEBUG - Remote response: status=200 | data={"value":"Fund Information as of May 20 2026"} | headers=HTTPHeaderDict({'Content-Length': '46', 'Content-Type': 'application/json; charset=utf-8', 'cache-control': 'no-cache'})
2026-05-20 15:10:43 - selenium.webdriver.remote.remote_connection - DEBUG - Finished Request
2026-05-20 15:10:43 - selenium.webdriver.remote.remote_connection - DEBUG - POST http://localhost:56249/session/58134fd4fd99316410d22580f3a0ff53/element/f.EB2F3A6C47F91EB9FEC21F0E470A15F4.d.0E8E0275670DED95948FBE746ED05EB0.e.99/element {'using': 'css selector', 'value': 'h2.comp-title'}
2026-05-20 15:10:43 - urllib3.connectionpool - DEBUG - http://localhost:56249 "POST /session/58134fd4fd99316410d22580f3a0ff53/element/f.EB2F3A6C47F91EB9FEC21F0E470A15F4.d.0E8E0275670DED95948FBE746ED05EB0.e.99/element HTTP/1.1" 200 0
2026-05-20 15:10:43 - selenium.webdriver.remote.remote_connection - DEBUG - Remote response: status=200 | data={"value":{"element-6066-11e4-a52e-4f735466cecf":"f.EB2F3A6C47F91EB9FEC21F0E470A15F4.d.0E8E0275670DED95948FBE746ED05EB0.e.108"}} | headers=HTTPHeaderDict({'Content-Length': '127', 'Content-Type': 'application/json; charset=utf-8', 'cache-control': 'no-cache'})
2026-05-20 15:10:43 - selenium.webdriver.remote.remote_connection - DEBUG - Finished Request
2026-05-20 15:10:43 - selenium.webdriver.remote.remote_connection - DEBUG - GET http://localhost:56249/session/58134fd4fd99316410d22580f3a0ff53/element/f.EB2F3A6C47F91EB9FEC21F0E470A15F4.d.0E8E0275670DED95948FBE746ED05EB0.e.108/text {}
2026-05-20 15:10:43 - urllib3.connectionpool - DEBUG - http://localhost:56249 "GET /session/58134fd4fd99316410d22580f3a0ff53/element/f.EB2F3A6C47F91EB9FEC21F0E470A15F4.d.0E8E0275670DED95948FBE746ED05EB0.e.108/text HTTP/1.1" 200 0
2026-05-20 15:10:43 - selenium.webdriver.remote.remote_connection - DEBUG - Remote response: status=200 | data={"value":"Fund Characteristics as of May 19 2026"} | headers=HTTPHeaderDict({'Content-Length': '50', 'Content-Type': 'application/json; charset=utf-8', 'cache-control': 'no-cache'})
2026-05-20 15:10:43 - selenium.webdriver.remote.remote_connection - DEBUG - Finished Request
2026-05-20 15:10:43 - selenium.webdriver.remote.remote_connection - DEBUG - POST http://localhost:56249/session/58134fd4fd99316410d22580f3a0ff53/element/f.EB2F3A6C47F91EB9FEC21F0E470A15F4.d.0E8E0275670DED95948FBE746ED05EB0.e.99/element {'using': 'css selector', 'value': 'h2.comp-title'}
2026-05-20 15:10:43 - urllib3.connectionpool - DEBUG - http://localhost:56249 "POST /session/58134fd4fd99316410d22580f3a0ff53/element/f.EB2F3A6C47F91EB9FEC21F0E470A15F4.d.0E8E0275670DED95948FBE746ED05EB0.e.99/element HTTP/1.1" 200 0
2026-05-20 15:10:43 - selenium.webdriver.remote.remote_connection - DEBUG - Remote response: status=200 | data={"value":{"element-6066-11e4-a52e-4f735466cecf":"f.EB2F3A6C47F91EB9FEC21F0E470A15F4.d.0E8E0275670DED95948FBE746ED05EB0.e.108"}} | headers=HTTPHeaderDict({'Content-Length': '127', 'Content-Type': 'application/json; charset=utf-8', 'cache-control': 'no-cache'})
2026-05-20 15:10:43 - selenium.webdriver.remote.remote_connection - DEBUG - Finished Request
2026-05-20 15:10:43 - selenium.webdriver.remote.remote_connection - DEBUG - POST http://localhost:56249/session/58134fd4fd99316410d22580f3a0ff53/element/f.EB2F3A6C47F91EB9FEC21F0E470A15F4.d.0E8E0275670DED95948FBE746ED05EB0.e.108/element {'using': 'css selector', 'value': 'span.date'}
2026-05-20 15:10:43 - urllib3.connectionpool - DEBUG - http://localhost:56249 "POST /session/58134fd4fd99316410d22580f3a0ff53/element/f.EB2F3A6C47F91EB9FEC21F0E470A15F4.d.0E8E0275670DED95948FBE746ED05EB0.e.108/element HTTP/1.1" 200 0
2026-05-20 15:10:43 - selenium.webdriver.remote.remote_connection - DEBUG - Remote response: status=200 | data={"value":{"element-6066-11e4-a52e-4f735466cecf":"f.EB2F3A6C47F91EB9FEC21F0E470A15F4.d.0E8E0275670DED95948FBE746ED05EB0.e.111"}} | headers=HTTPHeaderDict({'Content-Length': '127', 'Content-Type': 'application/json; charset=utf-8', 'cache-control': 'no-cache'})
2026-05-20 15:10:43 - selenium.webdriver.remote.remote_connection - DEBUG - Finished Request
2026-05-20 15:10:43 - selenium.webdriver.remote.remote_connection - DEBUG - GET http://localhost:56249/session/58134fd4fd99316410d22580f3a0ff53/element/f.EB2F3A6C47F91EB9FEC21F0E470A15F4.d.0E8E0275670DED95948FBE746ED05EB0.e.111/text {}
2026-05-20 15:10:43 - urllib3.connectionpool - DEBUG - http://localhost:56249 "GET /session/58134fd4fd99316410d22580f3a0ff53/element/f.EB2F3A6C47F91EB9FEC21F0E470A15F4.d.0E8E0275670DED95948FBE746ED05EB0.e.111/text HTTP/1.1" 200 0
2026-05-20 15:10:43 - selenium.webdriver.remote.remote_connection - DEBUG - Remote response: status=200 | data={"value":"as of May 19 2026"} | headers=HTTPHeaderDict({'Content-Length': '29', 'Content-Type': 'application/json; charset=utf-8', 'cache-control': 'no-cache'})
2026-05-20 15:10:43 - selenium.webdriver.remote.remote_connection - DEBUG - Finished Request
2026-05-20 15:10:43 - scraper - INFO - Found date: May 19 2026
2026-05-20 15:10:43 - selenium.webdriver.remote.remote_connection - DEBUG - POST http://localhost:56249/session/58134fd4fd99316410d22580f3a0ff53/element/f.EB2F3A6C47F91EB9FEC21F0E470A15F4.d.0E8E0275670DED95948FBE746ED05EB0.e.99/element {'using': 'css selector', 'value': 'table.tb-keyvalue'}
2026-05-20 15:10:43 - urllib3.connectionpool - DEBUG - http://localhost:56249 "POST /session/58134fd4fd99316410d22580f3a0ff53/element/f.EB2F3A6C47F91EB9FEC21F0E470A15F4.d.0E8E0275670DED95948FBE746ED05EB0.e.99/element HTTP/1.1" 200 0
2026-05-20 15:10:43 - selenium.webdriver.remote.remote_connection - DEBUG - Remote response: status=200 | data={"value":{"element-6066-11e4-a52e-4f735466cecf":"f.EB2F3A6C47F91EB9FEC21F0E470A15F4.d.0E8E0275670DED95948FBE746ED05EB0.e.112"}} | headers=HTTPHeaderDict({'Content-Length': '127', 'Content-Type': 'application/json; charset=utf-8', 'cache-control': 'no-cache'})
2026-05-20 15:10:43 - selenium.webdriver.remote.remote_connection - DEBUG - Finished Request
2026-05-20 15:10:43 - selenium.webdriver.remote.remote_connection - DEBUG - POST http://localhost:56249/session/58134fd4fd99316410d22580f3a0ff53/element/f.EB2F3A6C47F91EB9FEC21F0E470A15F4.d.0E8E0275670DED95948FBE746ED05EB0.e.112/elements {'using': 'css selector', 'value': 'tr'}
2026-05-20 15:10:43 - urllib3.connectionpool - DEBUG - http://localhost:56249 "POST /session/58134fd4fd99316410d22580f3a0ff53/element/f.EB2F3A6C47F91EB9FEC21F0E470A15F4.d.0E8E0275670DED95948FBE746ED05EB0.e.112/elements HTTP/1.1" 200 0
2026-05-20 15:10:43 - selenium.webdriver.remote.remote_connection - DEBUG - Remote response: status=200 | data={"value":[{"element-6066-11e4-a52e-4f735466cecf":"f.EB2F3A6C47F91EB9FEC21F0E470A15F4.d.0E8E0275670DED95948FBE746ED05EB0.e.113"},{"element-6066-11e4-a52e-4f735466cecf":"f.EB2F3A6C47F91EB9FEC21F0E470A15F4.d.0E8E0275670DED95948FBE746ED05EB0.e.114"},{"element-6066-11e4-a52e-4f735466cecf":"f.EB2F3A6C47F91EB9FEC21F0E470A15F4.d.0E8E0275670DED95948FBE746ED05EB0.e.115"},{"element-6066-11e4-a52e-4f735466cecf":"f.EB2F3A6C47F91EB9FEC21F0E470A15F4.d.0E8E0275670DED95948FBE746ED05EB0.e.116"},{"element-6066-11e4-a52e-4f735466cecf":"f.EB2F3A6C47F91EB9FEC21F0E470A15F4.d.0E8E0275670DED95948FBE746ED05EB0.e.117"},{"element-6066-11e4-a52e-4f735466cecf":"f.EB2F3A6C47F91EB9FEC21F0E470A15F4.d.0E8E0275670DED95948FBE746ED05EB0.e.118"},{"element-6066-11e4-a52e-4f735466cecf":"f.EB2F3A6C47F91EB9FEC21F0E470A15F4.d.0E8E0275670DED95948FBE746ED05EB0.e.119"},{"element-6066-11e4-a52e-4f735466cecf":"f.EB2F3A6C47F91EB9FEC21F0E470A15F4.d.0E8E0275670DED95948FBE746ED05EB0.e.120"}]} | headers=HTTPHeaderDict({'Content-Length': '955', 'Content-Type': 'application/json; charset=utf-8', 'cache-control': 'no-cache'})
2026-05-20 15:10:43 - selenium.webdriver.remote.remote_connection - DEBUG - Finished Request
2026-05-20 15:10:43 - selenium.webdriver.remote.remote_connection - DEBUG - POST http://localhost:56249/session/58134fd4fd99316410d22580f3a0ff53/element/f.EB2F3A6C47F91EB9FEC21F0E470A15F4.d.0E8E0275670DED95948FBE746ED05EB0.e.113/element {'using': 'css selector', 'value': 'th.label'}
2026-05-20 15:10:43 - urllib3.connectionpool - DEBUG - http://localhost:56249 "POST /session/58134fd4fd99316410d22580f3a0ff53/element/f.EB2F3A6C47F91EB9FEC21F0E470A15F4.d.0E8E0275670DED95948FBE746ED05EB0.e.113/element HTTP/1.1" 200 0
2026-05-20 15:10:43 - selenium.webdriver.remote.remote_connection - DEBUG - Remote response: status=200 | data={"value":{"element-6066-11e4-a52e-4f735466cecf":"f.EB2F3A6C47F91EB9FEC21F0E470A15F4.d.0E8E0275670DED95948FBE746ED05EB0.e.121"}} | headers=HTTPHeaderDict({'Content-Length': '127', 'Content-Type': 'application/json; charset=utf-8', 'cache-control': 'no-cache'})
2026-05-20 15:10:43 - selenium.webdriver.remote.remote_connection - DEBUG - Finished Request
2026-05-20 15:10:43 - selenium.webdriver.remote.remote_connection - DEBUG - GET http://localhost:56249/session/58134fd4fd99316410d22580f3a0ff53/element/f.EB2F3A6C47F91EB9FEC21F0E470A15F4.d.0E8E0275670DED95948FBE746ED05EB0.e.121/text {}
2026-05-20 15:10:44 - urllib3.connectionpool - DEBUG - http://localhost:56249 "GET /session/58134fd4fd99316410d22580f3a0ff53/element/f.EB2F3A6C47F91EB9FEC21F0E470A15F4.d.0E8E0275670DED95948FBE746ED05EB0.e.121/text HTTP/1.1" 200 0
2026-05-20 15:10:44 - selenium.webdriver.remote.remote_connection - DEBUG - Remote response: status=200 | data={"value":"Number of Holdings"} | headers=HTTPHeaderDict({'Content-Length': '30', 'Content-Type': 'application/json; charset=utf-8', 'cache-control': 'no-cache'})
2026-05-20 15:10:44 - selenium.webdriver.remote.remote_connection - DEBUG - Finished Request
2026-05-20 15:10:44 - selenium.webdriver.remote.remote_connection - DEBUG - POST http://localhost:56249/session/58134fd4fd99316410d22580f3a0ff53/element/f.EB2F3A6C47F91EB9FEC21F0E470A15F4.d.0E8E0275670DED95948FBE746ED05EB0.e.114/element {'using': 'css selector', 'value': 'th.label'}
2026-05-20 15:10:44 - urllib3.connectionpool - DEBUG - http://localhost:56249 "POST /session/58134fd4fd99316410d22580f3a0ff53/element/f.EB2F3A6C47F91EB9FEC21F0E470A15F4.d.0E8E0275670DED95948FBE746ED05EB0.e.114/element HTTP/1.1" 200 0
2026-05-20 15:10:44 - selenium.webdriver.remote.remote_connection - DEBUG - Remote response: status=200 | data={"value":{"element-6066-11e4-a52e-4f735466cecf":"f.EB2F3A6C47F91EB9FEC21F0E470A15F4.d.0E8E0275670DED95948FBE746ED05EB0.e.122"}} | headers=HTTPHeaderDict({'Content-Length': '127', 'Content-Type': 'application/json; charset=utf-8', 'cache-control': 'no-cache'})
2026-05-20 15:10:44 - selenium.webdriver.remote.remote_connection - DEBUG - Finished Request
2026-05-20 15:10:44 - selenium.webdriver.remote.remote_connection - DEBUG - GET http://localhost:56249/session/58134fd4fd99316410d22580f3a0ff53/element/f.EB2F3A6C47F91EB9FEC21F0E470A15F4.d.0E8E0275670DED95948FBE746ED05EB0.e.122/text {}
2026-05-20 15:10:44 - urllib3.connectionpool - DEBUG - http://localhost:56249 "GET /session/58134fd4fd99316410d22580f3a0ff53/element/f.EB2F3A6C47F91EB9FEC21F0E470A15F4.d.0E8E0275670DED95948FBE746ED05EB0.e.122/text HTTP/1.1" 200 0
2026-05-20 15:10:44 - selenium.webdriver.remote.remote_connection - DEBUG - Remote response: status=200 | data={"value":"Average Coupon"} | headers=HTTPHeaderDict({'Content-Length': '26', 'Content-Type': 'application/json; charset=utf-8', 'cache-control': 'no-cache'})
2026-05-20 15:10:44 - selenium.webdriver.remote.remote_connection - DEBUG - Finished Request
2026-05-20 15:10:44 - selenium.webdriver.remote.remote_connection - DEBUG - POST http://localhost:56249/session/58134fd4fd99316410d22580f3a0ff53/element/f.EB2F3A6C47F91EB9FEC21F0E470A15F4.d.0E8E0275670DED95948FBE746ED05EB0.e.115/element {'using': 'css selector', 'value': 'th.label'}
2026-05-20 15:10:44 - urllib3.connectionpool - DEBUG - http://localhost:56249 "POST /session/58134fd4fd99316410d22580f3a0ff53/element/f.EB2F3A6C47F91EB9FEC21F0E470A15F4.d.0E8E0275670DED95948FBE746ED05EB0.e.115/element HTTP/1.1" 200 0
2026-05-20 15:10:44 - selenium.webdriver.remote.remote_connection - DEBUG - Remote response: status=200 | data={"value":{"element-6066-11e4-a52e-4f735466cecf":"f.EB2F3A6C47F91EB9FEC21F0E470A15F4.d.0E8E0275670DED95948FBE746ED05EB0.e.123"}} | headers=HTTPHeaderDict({'Content-Length': '127', 'Content-Type': 'application/json; charset=utf-8', 'cache-control': 'no-cache'})
2026-05-20 15:10:44 - selenium.webdriver.remote.remote_connection - DEBUG - Finished Request
2026-05-20 15:10:44 - selenium.webdriver.remote.remote_connection - DEBUG - GET http://localhost:56249/session/58134fd4fd99316410d22580f3a0ff53/element/f.EB2F3A6C47F91EB9FEC21F0E470A15F4.d.0E8E0275670DED95948FBE746ED05EB0.e.123/text {}
2026-05-20 15:10:44 - urllib3.connectionpool - DEBUG - http://localhost:56249 "GET /session/58134fd4fd99316410d22580f3a0ff53/element/f.EB2F3A6C47F91EB9FEC21F0E470A15F4.d.0E8E0275670DED95948FBE746ED05EB0.e.123/text HTTP/1.1" 200 0
2026-05-20 15:10:44 - selenium.webdriver.remote.remote_connection - DEBUG - Remote response: status=200 | data={"value":"Average Maturity in Years"} | headers=HTTPHeaderDict({'Content-Length': '37', 'Content-Type': 'application/json; charset=utf-8', 'cache-control': 'no-cache'})
2026-05-20 15:10:44 - selenium.webdriver.remote.remote_connection - DEBUG - Finished Request
2026-05-20 15:10:44 - selenium.webdriver.remote.remote_connection - DEBUG - POST http://localhost:56249/session/58134fd4fd99316410d22580f3a0ff53/element/f.EB2F3A6C47F91EB9FEC21F0E470A15F4.d.0E8E0275670DED95948FBE746ED05EB0.e.116/element {'using': 'css selector', 'value': 'th.label'}
2026-05-20 15:10:44 - urllib3.connectionpool - DEBUG - http://localhost:56249 "POST /session/58134fd4fd99316410d22580f3a0ff53/element/f.EB2F3A6C47F91EB9FEC21F0E470A15F4.d.0E8E0275670DED95948FBE746ED05EB0.e.116/element HTTP/1.1" 200 0
2026-05-20 15:10:44 - selenium.webdriver.remote.remote_connection - DEBUG - Remote response: status=200 | data={"value":{"element-6066-11e4-a52e-4f735466cecf":"f.EB2F3A6C47F91EB9FEC21F0E470A15F4.d.0E8E0275670DED95948FBE746ED05EB0.e.124"}} | headers=HTTPHeaderDict({'Content-Length': '127', 'Content-Type': 'application/json; charset=utf-8', 'cache-control': 'no-cache'})
2026-05-20 15:10:44 - selenium.webdriver.remote.remote_connection - DEBUG - Finished Request
2026-05-20 15:10:44 - selenium.webdriver.remote.remote_connection - DEBUG - GET http://localhost:56249/session/58134fd4fd99316410d22580f3a0ff53/element/f.EB2F3A6C47F91EB9FEC21F0E470A15F4.d.0E8E0275670DED95948FBE746ED05EB0.e.124/text {}
2026-05-20 15:10:44 - urllib3.connectionpool - DEBUG - http://localhost:56249 "GET /session/58134fd4fd99316410d22580f3a0ff53/element/f.EB2F3A6C47F91EB9FEC21F0E470A15F4.d.0E8E0275670DED95948FBE746ED05EB0.e.124/text HTTP/1.1" 200 0
2026-05-20 15:10:44 - selenium.webdriver.remote.remote_connection - DEBUG - Remote response: status=200 | data={"value":"Average Price"} | headers=HTTPHeaderDict({'Content-Length': '25', 'Content-Type': 'application/json; charset=utf-8', 'cache-control': 'no-cache'})
2026-05-20 15:10:44 - selenium.webdriver.remote.remote_connection - DEBUG - Finished Request
2026-05-20 15:10:44 - selenium.webdriver.remote.remote_connection - DEBUG - POST http://localhost:56249/session/58134fd4fd99316410d22580f3a0ff53/element/f.EB2F3A6C47F91EB9FEC21F0E470A15F4.d.0E8E0275670DED95948FBE746ED05EB0.e.117/element {'using': 'css selector', 'value': 'th.label'}
2026-05-20 15:10:44 - urllib3.connectionpool - DEBUG - http://localhost:56249 "POST /session/58134fd4fd99316410d22580f3a0ff53/element/f.EB2F3A6C47F91EB9FEC21F0E470A15F4.d.0E8E0275670DED95948FBE746ED05EB0.e.117/element HTTP/1.1" 200 0
2026-05-20 15:10:44 - selenium.webdriver.remote.remote_connection - DEBUG - Remote response: status=200 | data={"value":{"element-6066-11e4-a52e-4f735466cecf":"f.EB2F3A6C47F91EB9FEC21F0E470A15F4.d.0E8E0275670DED95948FBE746ED05EB0.e.125"}} | headers=HTTPHeaderDict({'Content-Length': '127', 'Content-Type': 'application/json; charset=utf-8', 'cache-control': 'no-cache'})
2026-05-20 15:10:44 - selenium.webdriver.remote.remote_connection - DEBUG - Finished Request
2026-05-20 15:10:44 - selenium.webdriver.remote.remote_connection - DEBUG - GET http://localhost:56249/session/58134fd4fd99316410d22580f3a0ff53/element/f.EB2F3A6C47F91EB9FEC21F0E470A15F4.d.0E8E0275670DED95948FBE746ED05EB0.e.125/text {}
2026-05-20 15:10:44 - urllib3.connectionpool - DEBUG - http://localhost:56249 "GET /session/58134fd4fd99316410d22580f3a0ff53/element/f.EB2F3A6C47F91EB9FEC21F0E470A15F4.d.0E8E0275670DED95948FBE746ED05EB0.e.125/text HTTP/1.1" 200 0
2026-05-20 15:10:44 - selenium.webdriver.remote.remote_connection - DEBUG - Remote response: status=200 | data={"value":"Average Yield To Worst"} | headers=HTTPHeaderDict({'Content-Length': '34', 'Content-Type': 'application/json; charset=utf-8', 'cache-control': 'no-cache'})
2026-05-20 15:10:44 - selenium.webdriver.remote.remote_connection - DEBUG - Finished Request
2026-05-20 15:10:44 - selenium.webdriver.remote.remote_connection - DEBUG - POST http://localhost:56249/session/58134fd4fd99316410d22580f3a0ff53/element/f.EB2F3A6C47F91EB9FEC21F0E470A15F4.d.0E8E0275670DED95948FBE746ED05EB0.e.118/element {'using': 'css selector', 'value': 'th.label'}
2026-05-20 15:10:44 - urllib3.connectionpool - DEBUG - http://localhost:56249 "POST /session/58134fd4fd99316410d22580f3a0ff53/element/f.EB2F3A6C47F91EB9FEC21F0E470A15F4.d.0E8E0275670DED95948FBE746ED05EB0.e.118/element HTTP/1.1" 200 0
2026-05-20 15:10:44 - selenium.webdriver.remote.remote_connection - DEBUG - Remote response: status=200 | data={"value":{"element-6066-11e4-a52e-4f735466cecf":"f.EB2F3A6C47F91EB9FEC21F0E470A15F4.d.0E8E0275670DED95948FBE746ED05EB0.e.126"}} | headers=HTTPHeaderDict({'Content-Length': '127', 'Content-Type': 'application/json; charset=utf-8', 'cache-control': 'no-cache'})
2026-05-20 15:10:44 - selenium.webdriver.remote.remote_connection - DEBUG - Finished Request
2026-05-20 15:10:44 - selenium.webdriver.remote.remote_connection - DEBUG - GET http://localhost:56249/session/58134fd4fd99316410d22580f3a0ff53/element/f.EB2F3A6C47F91EB9FEC21F0E470A15F4.d.0E8E0275670DED95948FBE746ED05EB0.e.126/text {}
2026-05-20 15:10:44 - urllib3.connectionpool - DEBUG - http://localhost:56249 "GET /session/58134fd4fd99316410d22580f3a0ff53/element/f.EB2F3A6C47F91EB9FEC21F0E470A15F4.d.0E8E0275670DED95948FBE746ED05EB0.e.126/text HTTP/1.1" 200 0
2026-05-20 15:10:44 - selenium.webdriver.remote.remote_connection - DEBUG - Remote response: status=200 | data={"value":"Option Adjusted Duration"} | headers=HTTPHeaderDict({'Content-Length': '36', 'Content-Type': 'application/json; charset=utf-8', 'cache-control': 'no-cache'})
2026-05-20 15:10:44 - selenium.webdriver.remote.remote_connection - DEBUG - Finished Request
2026-05-20 15:10:44 - selenium.webdriver.remote.remote_connection - DEBUG - POST http://localhost:56249/session/58134fd4fd99316410d22580f3a0ff53/element/f.EB2F3A6C47F91EB9FEC21F0E470A15F4.d.0E8E0275670DED95948FBE746ED05EB0.e.118/element {'using': 'css selector', 'value': 'td.data'}
2026-05-20 15:10:44 - urllib3.connectionpool - DEBUG - http://localhost:56249 "POST /session/58134fd4fd99316410d22580f3a0ff53/element/f.EB2F3A6C47F91EB9FEC21F0E470A15F4.d.0E8E0275670DED95948FBE746ED05EB0.e.118/element HTTP/1.1" 200 0
2026-05-20 15:10:44 - selenium.webdriver.remote.remote_connection - DEBUG - Remote response: status=200 | data={"value":{"element-6066-11e4-a52e-4f735466cecf":"f.EB2F3A6C47F91EB9FEC21F0E470A15F4.d.0E8E0275670DED95948FBE746ED05EB0.e.127"}} | headers=HTTPHeaderDict({'Content-Length': '127', 'Content-Type': 'application/json; charset=utf-8', 'cache-control': 'no-cache'})
2026-05-20 15:10:44 - selenium.webdriver.remote.remote_connection - DEBUG - Finished Request
2026-05-20 15:10:44 - selenium.webdriver.remote.remote_connection - DEBUG - GET http://localhost:56249/session/58134fd4fd99316410d22580f3a0ff53/element/f.EB2F3A6C47F91EB9FEC21F0E470A15F4.d.0E8E0275670DED95948FBE746ED05EB0.e.127/text {}
2026-05-20 15:10:44 - urllib3.connectionpool - DEBUG - http://localhost:56249 "GET /session/58134fd4fd99316410d22580f3a0ff53/element/f.EB2F3A6C47F91EB9FEC21F0E470A15F4.d.0E8E0275670DED95948FBE746ED05EB0.e.127/text HTTP/1.1" 200 0
2026-05-20 15:10:44 - selenium.webdriver.remote.remote_connection - DEBUG - Remote response: status=200 | data={"value":"3.07 years"} | headers=HTTPHeaderDict({'Content-Length': '22', 'Content-Type': 'application/json; charset=utf-8', 'cache-control': 'no-cache'})
2026-05-20 15:10:44 - selenium.webdriver.remote.remote_connection - DEBUG - Finished Request
2026-05-20 15:10:44 - scraper - INFO - Found Option Adjusted Duration: 3.07 years
2026-05-20 15:10:44 - selenium.webdriver.remote.remote_connection - DEBUG - POST http://localhost:56249/session/58134fd4fd99316410d22580f3a0ff53/execute/sync {'script': '/* getAttribute */return (function(){return (function(){var d=this||self;function f(a,b){function c(...', 'args': [{'element-6066-11e4-a52e-4f735466cecf': 'f.EB2F3A6C47F91EB9FEC21F0E470A15F4.d.0E8E0275670DED95948FBE746ED05EB0.e.99'}, 'outerHTML']}
2026-05-20 15:10:44 - urllib3.connectionpool - DEBUG - http://localhost:56249 "POST /session/58134fd4fd99316410d22580f3a0ff53/execute/sync HTTP/1.1" 200 0
2026-05-20 15:10:44 - selenium.webdriver.remote.remote_connection - DEBUG - Remote response: status=200 | data={"value":"\u003Cdiv class=\"keyvalue fundcomps aem-GridColumn aem-GridColumn--default--12\">\n\n\n    \n    \n    \n    \u003Csection data-fundcomponent=\"true\">\n        \n            \u003Ch2 class=\"comp-title\">\n                Fund Characteristics\n                \n                \n                    \u003Cspan class=\"date\">as of May 19 2026\u003C/span>\n                \n                \u003Csvg class=\"ssmpsvg caret-down\" aria-hidden=\"true\">\u003Cuse xlink:href=\"#caret-down\">\u003C/use>\u003C/svg>\n            \u003C/h2>\n        \n        \n        \n\n        \u003Cdiv class=\"section-content\">\n            \n                \u003Ctable class=\"tb-keyvalue\">\n                    \u003Ctbody>\n                    \n                        \u003Ctr>\n                            \u003Cth class=\"label\" scope=\"row\">\n                                Number of Holdings\n                            \u003C/th>\n                            \u003Ctd class=\"data\">1,240\u003C/td>\n                        \u003C/tr>\n                    \n                        \u003Ctr>\n                            \u003Cth class=\"label\" scope=\"row\">\n                                Average Coupon\n    \u003Cspan class=\"info\" tabindex=\"0\">\n        \u003Csvg class=\"ssmpsvg icon_info\" aria-hidden=\"true\">\n            \u003Cuse xlink:href=\"#icon_info\">\u003C/use>\n        \u003C/svg>\n        \u003Cdiv class=\"info-data\">\n            \u003Cp>\u003Cstrong>﻿Average Coupon\u003C/strong>\u003C/p>\u003Cp>The market value weighted average coupon of the bonds in a portfolio.\u003C/p>\n        \u003C/div>\n    \u003C/span>\n\n                            \u003C/th>\n                            \u003Ctd class=\"data\">7.15%\u003C/td>\n                        \u003C/tr>\n                    \n                        \u003Ctr>\n                            \u003Cth class=\"label\" scope=\"row\">\n                                Average Maturity in Years\n    \u003Cspan class=\"info\" tabindex=\"0\">\n        \u003Csvg class=\"ssmpsvg icon_info\" aria-hidden=\"true\">\n            \u003Cuse xlink:href=\"#icon_info\">\u003C/use>\n        \u003C/svg>\n        \u003Cdiv class=\"info-data\">\n            \u003Cp>\u003Cstrong>Average Maturity\u003C/strong>\u003C/p>\u003Cp>The market value-weighted average maturity of the bonds and loans in a portfolio, where maturity is the length of time during which the investor will receive interest payments on the investment. When the bond reaches maturity the principal is repaid.\u003C/p>\n        \u003C/div>\n    \u003C/span>\n\n                            \u003C/th>\n                            \u003Ctd class=\"data\">5.01\u003C/td>\n                        \u003C/tr>\n                    \n                        \u003Ctr>\n                            \u003Cth class=\"label\" scope=\"row\">\n                                Average Price\n    \u003Cspan class=\"info\" tabindex=\"0\">\n        \u003Csvg class=\"ssmpsvg icon_info\" aria-hidden=\"true\">\n            \u003Cuse xlink:href=\"#icon_info\">\u003C/use>\n        \u003C/svg>\n        \u003Cdiv class=\"info-data\">\n            \u003Cp>\u003Cstrong>\u003C/strong>\u003Cstrong>Average Price\u003C/strong> The weighted average of each asset’s market price relative to its face value or par value.\u003C/p>\n        \u003C/div>\n    \u003C/span>\n\n                            \u003C/th>\n                            \u003Ctd class=\"data\">$99.13\u003C/td>\n                        \u003C/tr>\n                    \n                        \u003Ctr>\n                            \u003Cth class=\"label\" scope=\"row\">\n                                Average Yield To Worst\n    \u003Cspan class=\"info\" tabindex=\"0\">\n        \u003Csvg class=\"ssmpsvg icon_info\" aria-hidden=\"true\">\n            \u003Cuse xlink:href=\"#icon_info\">\u003C/use>\n        \u003C/svg>\n        \u003Cdiv class=\"info-data\">\n            \u003Cp>\u003Cstrong>Average Yield To Worst\u003C/strong>\u003C/p>\u003Cp>The lowest potential yield that can be received on a bond without the issuer actually defaulting. The YTW is calculated by making worst-case scenario assumptions on the issue by calculating the return that would be received if the issuer uses provisions, including prepayments. When aggregating YTW for a portfolio level statistic, the weighted average of the YTW and market value for each security is used.\u003C/p>\n        \u003C/div>\n    \u003C/span>\n\n                            \u003C/th>\n                            \u003Ctd class=\"data\">7.18%\u003C/td>\n                        \u003C/tr>\n                    \n                        \u003Ctr>\n                            \u003Cth class=\"label\" scope=\"row\">\n                                Option Adjusted Duration\n    \u003Cspan class=\"info\" tabindex=\"0\">\n        \u003Csvg class=\"ssmpsvg icon_info\" aria-hidden=\"true\">\n            \u003Cuse xlink:href=\"#icon_info\">\u003C/use>\n        \u003C/svg>\n        \u003Cdiv class=\"info-data\">\n            \u003Cp>\u003Cstrong>Option&nbsp;Adjusted\u003C/strong> \u003Cstrong>Duration\u003C/strong>\u003C/p>\u003Cp>Also known as effective duration which is a duration calculation that takes into account the effect of embedded options in bonds.&nbsp;An option-adjusted measure of a bond's (or portfolio's) sensitivity to changes in interest rates calculated as the average percentage change in a bond's value (price plus accrued interest) under shifts of the Treasury curve +/- 100 bps.&nbsp;\u003C/p>\n        \u003C/div>\n    \u003C/span>\n\n                            \u003C/th>\n                            \u003Ctd class=\"data\">3.07 years\u003C/td>\n                        \u003C/tr>\n                    \n                        \u003Ctr>\n                            \u003Cth class=\"label\" scope=\"row\">\n                                Option Adjusted Spread\n                            \u003C/th>\n                            \u003Ctd class=\"data\">257.17\u003C/td>\n                        \u003C/tr>\n                    \n                        \u003Ctr>\n                            \u003Cth class=\"label\" scope=\"row\">\n                                Yield to Maturity\n    \u003Cspan class=\"info\" tabindex=\"0\">\n        \u003Csvg class=\"ssmpsvg icon_info\" aria-hidden=\"true\">\n            \u003Cuse xlink:href=\"#icon_info\">\u003C/use>\n        \u003C/svg>\n        \u003Cdiv class=\"info-data\">\n            \u003Cp>\u003Cstrong>Yield to Maturity\u003C/strong>\u003C/p>\u003Cp>The market weighted average rate of return anticipated on the bonds held in a portfolio if they were to be held to their maturity date.\u003C/p>\n        \u003C/div>\n    \u003C/span>\n\n                            \u003C/th>\n                            \u003Ctd class=\"data\">7.44%\u003C/td>\n                        \u003C/tr>\n                    \n                    \n                    \u003C/tbody>\n                \u003C/table>\n            \n\n            \n\n            \n            \n            \n\n            \n\n            \n                \u003Cdiv class=\"download\">\n                    \n                    \n                    \n                    \n                    \n                \u003C/div>\n            \n            \n        \u003C/div>\n    \u003C/section>\n\u003C/div>"} | headers=HTTPHeaderDict({'Content-Length': '7418', 'Content-Type': 'application/json; charset=utf-8', 'cache-control': 'no-cache'})
2026-05-20 15:10:44 - selenium.webdriver.remote.remote_connection - DEBUG - Finished Request
2026-05-20 15:10:44 - scraper - INFO - Successfully scraped JNK
2026-05-20 15:10:44 - scraper - INFO - 
======================================================================
2026-05-20 15:10:44 - scraper - INFO - Scraping SPIB: https://www.ssga.com/us/en/intermediary/etfs/spdr-portfolio-intermediate-term-corporate-bond-etf-spib
2026-05-20 15:10:44 - scraper - INFO - ======================================================================
2026-05-20 15:10:44 - scraper - INFO - Navigating to https://www.ssga.com/us/en/intermediary/etfs/spdr-portfolio-intermediate-term-corporate-bond-etf-spib
2026-05-20 15:10:44 - selenium.webdriver.remote.remote_connection - DEBUG - POST http://localhost:56249/session/58134fd4fd99316410d22580f3a0ff53/url {'url': 'https://www.ssga.com/us/en/intermediary/etfs/spdr-portfolio-intermediate-term-corporate-bond-etf-spi...'}
2026-05-20 15:10:45 - urllib3.connectionpool - DEBUG - http://localhost:56249 "POST /session/58134fd4fd99316410d22580f3a0ff53/url HTTP/1.1" 200 0
2026-05-20 15:10:45 - selenium.webdriver.remote.remote_connection - DEBUG - Remote response: status=200 | data={"value":null} | headers=HTTPHeaderDict({'Content-Length': '14', 'Content-Type': 'application/json; charset=utf-8', 'cache-control': 'no-cache'})
2026-05-20 15:10:45 - selenium.webdriver.remote.remote_connection - DEBUG - Finished Request
2026-05-20 15:10:48 - scraper - INFO - Page loaded successfully
2026-05-20 15:10:48 - scraper - INFO - Checking for cookie modal...
2026-05-20 15:10:48 - selenium.webdriver.remote.remote_connection - DEBUG - POST http://localhost:56249/session/58134fd4fd99316410d22580f3a0ff53/element {'using': 'css selector', 'value': 'div#ssmp-self-identifier-modal'}
2026-05-20 15:10:48 - urllib3.connectionpool - DEBUG - http://localhost:56249 "POST /session/58134fd4fd99316410d22580f3a0ff53/element HTTP/1.1" 200 0
2026-05-20 15:10:48 - selenium.webdriver.remote.remote_connection - DEBUG - Remote response: status=200 | data={"value":{"element-6066-11e4-a52e-4f735466cecf":"f.EB2F3A6C47F91EB9FEC21F0E470A15F4.d.37283FADF33D00E8D61746D269BB0C78.e.170"}} | headers=HTTPHeaderDict({'Content-Length': '127', 'Content-Type': 'application/json; charset=utf-8', 'cache-control': 'no-cache'})
2026-05-20 15:10:48 - selenium.webdriver.remote.remote_connection - DEBUG - Finished Request
2026-05-20 15:10:48 - selenium.webdriver.remote.remote_connection - DEBUG - POST http://localhost:56249/session/58134fd4fd99316410d22580f3a0ff53/execute/sync {'script': '/* isDisplayed */return (function(){return (function(){var g=this||self;\nfunction aa(a){var b=typeof...', 'args': [{'element-6066-11e4-a52e-4f735466cecf': 'f.EB2F3A6C47F91EB9FEC21F0E470A15F4.d.37283FADF33D00E8D61746D269BB0C78.e.170'}]}
2026-05-20 15:10:48 - urllib3.connectionpool - DEBUG - http://localhost:56249 "POST /session/58134fd4fd99316410d22580f3a0ff53/execute/sync HTTP/1.1" 200 0
2026-05-20 15:10:48 - selenium.webdriver.remote.remote_connection - DEBUG - Remote response: status=200 | data={"value":false} | headers=HTTPHeaderDict({'Content-Length': '15', 'Content-Type': 'application/json; charset=utf-8', 'cache-control': 'no-cache'})
2026-05-20 15:10:48 - selenium.webdriver.remote.remote_connection - DEBUG - Finished Request
2026-05-20 15:10:49 - selenium.webdriver.remote.remote_connection - DEBUG - POST http://localhost:56249/session/58134fd4fd99316410d22580f3a0ff53/element {'using': 'css selector', 'value': 'div#ssmp-self-identifier-modal'}
2026-05-20 15:10:49 - urllib3.connectionpool - DEBUG - http://localhost:56249 "POST /session/58134fd4fd99316410d22580f3a0ff53/element HTTP/1.1" 200 0
2026-05-20 15:10:49 - selenium.webdriver.remote.remote_connection - DEBUG - Remote response: status=200 | data={"value":{"element-6066-11e4-a52e-4f735466cecf":"f.EB2F3A6C47F91EB9FEC21F0E470A15F4.d.37283FADF33D00E8D61746D269BB0C78.e.170"}} | headers=HTTPHeaderDict({'Content-Length': '127', 'Content-Type': 'application/json; charset=utf-8', 'cache-control': 'no-cache'})
2026-05-20 15:10:49 - selenium.webdriver.remote.remote_connection - DEBUG - Finished Request
2026-05-20 15:10:49 - selenium.webdriver.remote.remote_connection - DEBUG - POST http://localhost:56249/session/58134fd4fd99316410d22580f3a0ff53/execute/sync {'script': '/* isDisplayed */return (function(){return (function(){var g=this||self;\nfunction aa(a){var b=typeof...', 'args': [{'element-6066-11e4-a52e-4f735466cecf': 'f.EB2F3A6C47F91EB9FEC21F0E470A15F4.d.37283FADF33D00E8D61746D269BB0C78.e.170'}]}
2026-05-20 15:10:49 - urllib3.connectionpool - DEBUG - http://localhost:56249 "POST /session/58134fd4fd99316410d22580f3a0ff53/execute/sync HTTP/1.1" 200 0
2026-05-20 15:10:49 - selenium.webdriver.remote.remote_connection - DEBUG - Remote response: status=200 | data={"value":false} | headers=HTTPHeaderDict({'Content-Length': '15', 'Content-Type': 'application/json; charset=utf-8', 'cache-control': 'no-cache'})
2026-05-20 15:10:49 - selenium.webdriver.remote.remote_connection - DEBUG - Finished Request
2026-05-20 15:10:49 - selenium.webdriver.remote.remote_connection - DEBUG - POST http://localhost:56249/session/58134fd4fd99316410d22580f3a0ff53/element {'using': 'css selector', 'value': 'div#ssmp-self-identifier-modal'}
2026-05-20 15:10:49 - urllib3.connectionpool - DEBUG - http://localhost:56249 "POST /session/58134fd4fd99316410d22580f3a0ff53/element HTTP/1.1" 200 0
2026-05-20 15:10:49 - selenium.webdriver.remote.remote_connection - DEBUG - Remote response: status=200 | data={"value":{"element-6066-11e4-a52e-4f735466cecf":"f.EB2F3A6C47F91EB9FEC21F0E470A15F4.d.37283FADF33D00E8D61746D269BB0C78.e.170"}} | headers=HTTPHeaderDict({'Content-Length': '127', 'Content-Type': 'application/json; charset=utf-8', 'cache-control': 'no-cache'})
2026-05-20 15:10:49 - selenium.webdriver.remote.remote_connection - DEBUG - Finished Request
2026-05-20 15:10:49 - selenium.webdriver.remote.remote_connection - DEBUG - POST http://localhost:56249/session/58134fd4fd99316410d22580f3a0ff53/execute/sync {'script': '/* isDisplayed */return (function(){return (function(){var g=this||self;\nfunction aa(a){var b=typeof...', 'args': [{'element-6066-11e4-a52e-4f735466cecf': 'f.EB2F3A6C47F91EB9FEC21F0E470A15F4.d.37283FADF33D00E8D61746D269BB0C78.e.170'}]}
2026-05-20 15:10:49 - urllib3.connectionpool - DEBUG - http://localhost:56249 "POST /session/58134fd4fd99316410d22580f3a0ff53/execute/sync HTTP/1.1" 200 0
2026-05-20 15:10:49 - selenium.webdriver.remote.remote_connection - DEBUG - Remote response: status=200 | data={"value":false} | headers=HTTPHeaderDict({'Content-Length': '15', 'Content-Type': 'application/json; charset=utf-8', 'cache-control': 'no-cache'})
2026-05-20 15:10:49 - selenium.webdriver.remote.remote_connection - DEBUG - Finished Request
2026-05-20 15:10:50 - selenium.webdriver.remote.remote_connection - DEBUG - POST http://localhost:56249/session/58134fd4fd99316410d22580f3a0ff53/element {'using': 'css selector', 'value': 'div#ssmp-self-identifier-modal'}
2026-05-20 15:10:50 - urllib3.connectionpool - DEBUG - http://localhost:56249 "POST /session/58134fd4fd99316410d22580f3a0ff53/element HTTP/1.1" 200 0
2026-05-20 15:10:50 - selenium.webdriver.remote.remote_connection - DEBUG - Remote response: status=200 | data={"value":{"element-6066-11e4-a52e-4f735466cecf":"f.EB2F3A6C47F91EB9FEC21F0E470A15F4.d.37283FADF33D00E8D61746D269BB0C78.e.170"}} | headers=HTTPHeaderDict({'Content-Length': '127', 'Content-Type': 'application/json; charset=utf-8', 'cache-control': 'no-cache'})
2026-05-20 15:10:50 - selenium.webdriver.remote.remote_connection - DEBUG - Finished Request
2026-05-20 15:10:50 - selenium.webdriver.remote.remote_connection - DEBUG - POST http://localhost:56249/session/58134fd4fd99316410d22580f3a0ff53/execute/sync {'script': '/* isDisplayed */return (function(){return (function(){var g=this||self;\nfunction aa(a){var b=typeof...', 'args': [{'element-6066-11e4-a52e-4f735466cecf': 'f.EB2F3A6C47F91EB9FEC21F0E470A15F4.d.37283FADF33D00E8D61746D269BB0C78.e.170'}]}
2026-05-20 15:10:50 - urllib3.connectionpool - DEBUG - http://localhost:56249 "POST /session/58134fd4fd99316410d22580f3a0ff53/execute/sync HTTP/1.1" 200 0
2026-05-20 15:10:50 - selenium.webdriver.remote.remote_connection - DEBUG - Remote response: status=200 | data={"value":false} | headers=HTTPHeaderDict({'Content-Length': '15', 'Content-Type': 'application/json; charset=utf-8', 'cache-control': 'no-cache'})
2026-05-20 15:10:50 - selenium.webdriver.remote.remote_connection - DEBUG - Finished Request
2026-05-20 15:10:50 - selenium.webdriver.remote.remote_connection - DEBUG - POST http://localhost:56249/session/58134fd4fd99316410d22580f3a0ff53/element {'using': 'css selector', 'value': 'div#ssmp-self-identifier-modal'}
2026-05-20 15:10:50 - urllib3.connectionpool - DEBUG - http://localhost:56249 "POST /session/58134fd4fd99316410d22580f3a0ff53/element HTTP/1.1" 200 0
2026-05-20 15:10:50 - selenium.webdriver.remote.remote_connection - DEBUG - Remote response: status=200 | data={"value":{"element-6066-11e4-a52e-4f735466cecf":"f.EB2F3A6C47F91EB9FEC21F0E470A15F4.d.37283FADF33D00E8D61746D269BB0C78.e.170"}} | headers=HTTPHeaderDict({'Content-Length': '127', 'Content-Type': 'application/json; charset=utf-8', 'cache-control': 'no-cache'})
2026-05-20 15:10:50 - selenium.webdriver.remote.remote_connection - DEBUG - Finished Request
2026-05-20 15:10:50 - selenium.webdriver.remote.remote_connection - DEBUG - POST http://localhost:56249/session/58134fd4fd99316410d22580f3a0ff53/execute/sync {'script': '/* isDisplayed */return (function(){return (function(){var g=this||self;\nfunction aa(a){var b=typeof...', 'args': [{'element-6066-11e4-a52e-4f735466cecf': 'f.EB2F3A6C47F91EB9FEC21F0E470A15F4.d.37283FADF33D00E8D61746D269BB0C78.e.170'}]}
2026-05-20 15:10:50 - urllib3.connectionpool - DEBUG - http://localhost:56249 "POST /session/58134fd4fd99316410d22580f3a0ff53/execute/sync HTTP/1.1" 200 0
2026-05-20 15:10:50 - selenium.webdriver.remote.remote_connection - DEBUG - Remote response: status=200 | data={"value":false} | headers=HTTPHeaderDict({'Content-Length': '15', 'Content-Type': 'application/json; charset=utf-8', 'cache-control': 'no-cache'})
2026-05-20 15:10:50 - selenium.webdriver.remote.remote_connection - DEBUG - Finished Request
2026-05-20 15:10:51 - selenium.webdriver.remote.remote_connection - DEBUG - POST http://localhost:56249/session/58134fd4fd99316410d22580f3a0ff53/element {'using': 'css selector', 'value': 'div#ssmp-self-identifier-modal'}
2026-05-20 15:10:51 - urllib3.connectionpool - DEBUG - http://localhost:56249 "POST /session/58134fd4fd99316410d22580f3a0ff53/element HTTP/1.1" 200 0
2026-05-20 15:10:51 - selenium.webdriver.remote.remote_connection - DEBUG - Remote response: status=200 | data={"value":{"element-6066-11e4-a52e-4f735466cecf":"f.EB2F3A6C47F91EB9FEC21F0E470A15F4.d.37283FADF33D00E8D61746D269BB0C78.e.170"}} | headers=HTTPHeaderDict({'Content-Length': '127', 'Content-Type': 'application/json; charset=utf-8', 'cache-control': 'no-cache'})
2026-05-20 15:10:51 - selenium.webdriver.remote.remote_connection - DEBUG - Finished Request
2026-05-20 15:10:51 - selenium.webdriver.remote.remote_connection - DEBUG - POST http://localhost:56249/session/58134fd4fd99316410d22580f3a0ff53/execute/sync {'script': '/* isDisplayed */return (function(){return (function(){var g=this||self;\nfunction aa(a){var b=typeof...', 'args': [{'element-6066-11e4-a52e-4f735466cecf': 'f.EB2F3A6C47F91EB9FEC21F0E470A15F4.d.37283FADF33D00E8D61746D269BB0C78.e.170'}]}
2026-05-20 15:10:51 - urllib3.connectionpool - DEBUG - http://localhost:56249 "POST /session/58134fd4fd99316410d22580f3a0ff53/execute/sync HTTP/1.1" 200 0
2026-05-20 15:10:51 - selenium.webdriver.remote.remote_connection - DEBUG - Remote response: status=200 | data={"value":false} | headers=HTTPHeaderDict({'Content-Length': '15', 'Content-Type': 'application/json; charset=utf-8', 'cache-control': 'no-cache'})
2026-05-20 15:10:51 - selenium.webdriver.remote.remote_connection - DEBUG - Finished Request
2026-05-20 15:10:51 - selenium.webdriver.remote.remote_connection - DEBUG - POST http://localhost:56249/session/58134fd4fd99316410d22580f3a0ff53/element {'using': 'css selector', 'value': 'div#ssmp-self-identifier-modal'}
2026-05-20 15:10:51 - urllib3.connectionpool - DEBUG - http://localhost:56249 "POST /session/58134fd4fd99316410d22580f3a0ff53/element HTTP/1.1" 200 0
2026-05-20 15:10:51 - selenium.webdriver.remote.remote_connection - DEBUG - Remote response: status=200 | data={"value":{"element-6066-11e4-a52e-4f735466cecf":"f.EB2F3A6C47F91EB9FEC21F0E470A15F4.d.37283FADF33D00E8D61746D269BB0C78.e.170"}} | headers=HTTPHeaderDict({'Content-Length': '127', 'Content-Type': 'application/json; charset=utf-8', 'cache-control': 'no-cache'})
2026-05-20 15:10:51 - selenium.webdriver.remote.remote_connection - DEBUG - Finished Request
2026-05-20 15:10:51 - selenium.webdriver.remote.remote_connection - DEBUG - POST http://localhost:56249/session/58134fd4fd99316410d22580f3a0ff53/execute/sync {'script': '/* isDisplayed */return (function(){return (function(){var g=this||self;\nfunction aa(a){var b=typeof...', 'args': [{'element-6066-11e4-a52e-4f735466cecf': 'f.EB2F3A6C47F91EB9FEC21F0E470A15F4.d.37283FADF33D00E8D61746D269BB0C78.e.170'}]}
2026-05-20 15:10:51 - urllib3.connectionpool - DEBUG - http://localhost:56249 "POST /session/58134fd4fd99316410d22580f3a0ff53/execute/sync HTTP/1.1" 200 0
2026-05-20 15:10:51 - selenium.webdriver.remote.remote_connection - DEBUG - Remote response: status=200 | data={"value":false} | headers=HTTPHeaderDict({'Content-Length': '15', 'Content-Type': 'application/json; charset=utf-8', 'cache-control': 'no-cache'})
2026-05-20 15:10:51 - selenium.webdriver.remote.remote_connection - DEBUG - Finished Request
2026-05-20 15:10:52 - selenium.webdriver.remote.remote_connection - DEBUG - POST http://localhost:56249/session/58134fd4fd99316410d22580f3a0ff53/element {'using': 'css selector', 'value': 'div#ssmp-self-identifier-modal'}
2026-05-20 15:10:52 - urllib3.connectionpool - DEBUG - http://localhost:56249 "POST /session/58134fd4fd99316410d22580f3a0ff53/element HTTP/1.1" 200 0
2026-05-20 15:10:52 - selenium.webdriver.remote.remote_connection - DEBUG - Remote response: status=200 | data={"value":{"element-6066-11e4-a52e-4f735466cecf":"f.EB2F3A6C47F91EB9FEC21F0E470A15F4.d.37283FADF33D00E8D61746D269BB0C78.e.170"}} | headers=HTTPHeaderDict({'Content-Length': '127', 'Content-Type': 'application/json; charset=utf-8', 'cache-control': 'no-cache'})
2026-05-20 15:10:52 - selenium.webdriver.remote.remote_connection - DEBUG - Finished Request
2026-05-20 15:10:52 - selenium.webdriver.remote.remote_connection - DEBUG - POST http://localhost:56249/session/58134fd4fd99316410d22580f3a0ff53/execute/sync {'script': '/* isDisplayed */return (function(){return (function(){var g=this||self;\nfunction aa(a){var b=typeof...', 'args': [{'element-6066-11e4-a52e-4f735466cecf': 'f.EB2F3A6C47F91EB9FEC21F0E470A15F4.d.37283FADF33D00E8D61746D269BB0C78.e.170'}]}
2026-05-20 15:10:52 - urllib3.connectionpool - DEBUG - http://localhost:56249 "POST /session/58134fd4fd99316410d22580f3a0ff53/execute/sync HTTP/1.1" 200 0
2026-05-20 15:10:52 - selenium.webdriver.remote.remote_connection - DEBUG - Remote response: status=200 | data={"value":false} | headers=HTTPHeaderDict({'Content-Length': '15', 'Content-Type': 'application/json; charset=utf-8', 'cache-control': 'no-cache'})
2026-05-20 15:10:52 - selenium.webdriver.remote.remote_connection - DEBUG - Finished Request
2026-05-20 15:10:52 - selenium.webdriver.remote.remote_connection - DEBUG - POST http://localhost:56249/session/58134fd4fd99316410d22580f3a0ff53/element {'using': 'css selector', 'value': 'div#ssmp-self-identifier-modal'}
2026-05-20 15:10:52 - urllib3.connectionpool - DEBUG - http://localhost:56249 "POST /session/58134fd4fd99316410d22580f3a0ff53/element HTTP/1.1" 200 0
2026-05-20 15:10:52 - selenium.webdriver.remote.remote_connection - DEBUG - Remote response: status=200 | data={"value":{"element-6066-11e4-a52e-4f735466cecf":"f.EB2F3A6C47F91EB9FEC21F0E470A15F4.d.37283FADF33D00E8D61746D269BB0C78.e.170"}} | headers=HTTPHeaderDict({'Content-Length': '127', 'Content-Type': 'application/json; charset=utf-8', 'cache-control': 'no-cache'})
2026-05-20 15:10:52 - selenium.webdriver.remote.remote_connection - DEBUG - Finished Request
2026-05-20 15:10:52 - selenium.webdriver.remote.remote_connection - DEBUG - POST http://localhost:56249/session/58134fd4fd99316410d22580f3a0ff53/execute/sync {'script': '/* isDisplayed */return (function(){return (function(){var g=this||self;\nfunction aa(a){var b=typeof...', 'args': [{'element-6066-11e4-a52e-4f735466cecf': 'f.EB2F3A6C47F91EB9FEC21F0E470A15F4.d.37283FADF33D00E8D61746D269BB0C78.e.170'}]}
2026-05-20 15:10:52 - urllib3.connectionpool - DEBUG - http://localhost:56249 "POST /session/58134fd4fd99316410d22580f3a0ff53/execute/sync HTTP/1.1" 200 0
2026-05-20 15:10:52 - selenium.webdriver.remote.remote_connection - DEBUG - Remote response: status=200 | data={"value":false} | headers=HTTPHeaderDict({'Content-Length': '15', 'Content-Type': 'application/json; charset=utf-8', 'cache-control': 'no-cache'})
2026-05-20 15:10:52 - selenium.webdriver.remote.remote_connection - DEBUG - Finished Request
2026-05-20 15:10:53 - selenium.webdriver.remote.remote_connection - DEBUG - POST http://localhost:56249/session/58134fd4fd99316410d22580f3a0ff53/element {'using': 'css selector', 'value': 'div#ssmp-self-identifier-modal'}
2026-05-20 15:10:53 - urllib3.connectionpool - DEBUG - http://localhost:56249 "POST /session/58134fd4fd99316410d22580f3a0ff53/element HTTP/1.1" 200 0
2026-05-20 15:10:53 - selenium.webdriver.remote.remote_connection - DEBUG - Remote response: status=200 | data={"value":{"element-6066-11e4-a52e-4f735466cecf":"f.EB2F3A6C47F91EB9FEC21F0E470A15F4.d.37283FADF33D00E8D61746D269BB0C78.e.170"}} | headers=HTTPHeaderDict({'Content-Length': '127', 'Content-Type': 'application/json; charset=utf-8', 'cache-control': 'no-cache'})
2026-05-20 15:10:53 - selenium.webdriver.remote.remote_connection - DEBUG - Finished Request
2026-05-20 15:10:53 - selenium.webdriver.remote.remote_connection - DEBUG - POST http://localhost:56249/session/58134fd4fd99316410d22580f3a0ff53/execute/sync {'script': '/* isDisplayed */return (function(){return (function(){var g=this||self;\nfunction aa(a){var b=typeof...', 'args': [{'element-6066-11e4-a52e-4f735466cecf': 'f.EB2F3A6C47F91EB9FEC21F0E470A15F4.d.37283FADF33D00E8D61746D269BB0C78.e.170'}]}
2026-05-20 15:10:53 - urllib3.connectionpool - DEBUG - http://localhost:56249 "POST /session/58134fd4fd99316410d22580f3a0ff53/execute/sync HTTP/1.1" 200 0
2026-05-20 15:10:53 - selenium.webdriver.remote.remote_connection - DEBUG - Remote response: status=200 | data={"value":false} | headers=HTTPHeaderDict({'Content-Length': '15', 'Content-Type': 'application/json; charset=utf-8', 'cache-control': 'no-cache'})
2026-05-20 15:10:53 - selenium.webdriver.remote.remote_connection - DEBUG - Finished Request
2026-05-20 15:10:54 - selenium.webdriver.remote.remote_connection - DEBUG - POST http://localhost:56249/session/58134fd4fd99316410d22580f3a0ff53/element {'using': 'css selector', 'value': 'div#ssmp-self-identifier-modal'}
2026-05-20 15:10:54 - urllib3.connectionpool - DEBUG - http://localhost:56249 "POST /session/58134fd4fd99316410d22580f3a0ff53/element HTTP/1.1" 200 0
2026-05-20 15:10:54 - selenium.webdriver.remote.remote_connection - DEBUG - Remote response: status=200 | data={"value":{"element-6066-11e4-a52e-4f735466cecf":"f.EB2F3A6C47F91EB9FEC21F0E470A15F4.d.37283FADF33D00E8D61746D269BB0C78.e.170"}} | headers=HTTPHeaderDict({'Content-Length': '127', 'Content-Type': 'application/json; charset=utf-8', 'cache-control': 'no-cache'})
2026-05-20 15:10:54 - selenium.webdriver.remote.remote_connection - DEBUG - Finished Request
2026-05-20 15:10:54 - selenium.webdriver.remote.remote_connection - DEBUG - POST http://localhost:56249/session/58134fd4fd99316410d22580f3a0ff53/execute/sync {'script': '/* isDisplayed */return (function(){return (function(){var g=this||self;\nfunction aa(a){var b=typeof...', 'args': [{'element-6066-11e4-a52e-4f735466cecf': 'f.EB2F3A6C47F91EB9FEC21F0E470A15F4.d.37283FADF33D00E8D61746D269BB0C78.e.170'}]}
2026-05-20 15:10:54 - urllib3.connectionpool - DEBUG - http://localhost:56249 "POST /session/58134fd4fd99316410d22580f3a0ff53/execute/sync HTTP/1.1" 200 0
2026-05-20 15:10:54 - selenium.webdriver.remote.remote_connection - DEBUG - Remote response: status=200 | data={"value":false} | headers=HTTPHeaderDict({'Content-Length': '15', 'Content-Type': 'application/json; charset=utf-8', 'cache-control': 'no-cache'})
2026-05-20 15:10:54 - selenium.webdriver.remote.remote_connection - DEBUG - Finished Request
2026-05-20 15:10:54 - scraper - INFO - No cookie modal appeared (may have been accepted previously)
2026-05-20 15:10:54 - scraper - INFO - Scrolling to Fund Characteristics section...
2026-05-20 15:10:54 - selenium.webdriver.remote.remote_connection - DEBUG - POST http://localhost:56249/session/58134fd4fd99316410d22580f3a0ff53/elements {'using': 'css selector', 'value': 'div.keyvalue.fundcomps'}
2026-05-20 15:10:54 - urllib3.connectionpool - DEBUG - http://localhost:56249 "POST /session/58134fd4fd99316410d22580f3a0ff53/elements HTTP/1.1" 200 0
2026-05-20 15:10:54 - selenium.webdriver.remote.remote_connection - DEBUG - Remote response: status=200 | data={"value":[{"element-6066-11e4-a52e-4f735466cecf":"f.EB2F3A6C47F91EB9FEC21F0E470A15F4.d.37283FADF33D00E8D61746D269BB0C78.e.171"},{"element-6066-11e4-a52e-4f735466cecf":"f.EB2F3A6C47F91EB9FEC21F0E470A15F4.d.37283FADF33D00E8D61746D269BB0C78.e.172"},{"element-6066-11e4-a52e-4f735466cecf":"f.EB2F3A6C47F91EB9FEC21F0E470A15F4.d.37283FADF33D00E8D61746D269BB0C78.e.173"},{"element-6066-11e4-a52e-4f735466cecf":"f.EB2F3A6C47F91EB9FEC21F0E470A15F4.d.37283FADF33D00E8D61746D269BB0C78.e.174"},{"element-6066-11e4-a52e-4f735466cecf":"f.EB2F3A6C47F91EB9FEC21F0E470A15F4.d.37283FADF33D00E8D61746D269BB0C78.e.175"},{"element-6066-11e4-a52e-4f735466cecf":"f.EB2F3A6C47F91EB9FEC21F0E470A15F4.d.37283FADF33D00E8D61746D269BB0C78.e.176"},{"element-6066-11e4-a52e-4f735466cecf":"f.EB2F3A6C47F91EB9FEC21F0E470A15F4.d.37283FADF33D00E8D61746D269BB0C78.e.177"},{"element-6066-11e4-a52e-4f735466cecf":"f.EB2F3A6C47F91EB9FEC21F0E470A15F4.d.37283FADF33D00E8D61746D269BB0C78.e.178"},{"element-6066-11e4-a52e-4f735466cecf":"f.EB2F3A6C47F91EB9FEC21F0E470A15F4.d.37283FADF33D00E8D61746D269BB0C78.e.179"}]} | headers=HTTPHeaderDict({'Content-Length': '1073', 'Content-Type': 'application/json; charset=utf-8', 'cache-control': 'no-cache'})
2026-05-20 15:10:54 - selenium.webdriver.remote.remote_connection - DEBUG - Finished Request
2026-05-20 15:10:54 - selenium.webdriver.remote.remote_connection - DEBUG - POST http://localhost:56249/session/58134fd4fd99316410d22580f3a0ff53/element/f.EB2F3A6C47F91EB9FEC21F0E470A15F4.d.37283FADF33D00E8D61746D269BB0C78.e.171/element {'using': 'css selector', 'value': 'h2.comp-title'}
2026-05-20 15:10:54 - urllib3.connectionpool - DEBUG - http://localhost:56249 "POST /session/58134fd4fd99316410d22580f3a0ff53/element/f.EB2F3A6C47F91EB9FEC21F0E470A15F4.d.37283FADF33D00E8D61746D269BB0C78.e.171/element HTTP/1.1" 200 0
2026-05-20 15:10:54 - selenium.webdriver.remote.remote_connection - DEBUG - Remote response: status=200 | data={"value":{"element-6066-11e4-a52e-4f735466cecf":"f.EB2F3A6C47F91EB9FEC21F0E470A15F4.d.37283FADF33D00E8D61746D269BB0C78.e.180"}} | headers=HTTPHeaderDict({'Content-Length': '127', 'Content-Type': 'application/json; charset=utf-8', 'cache-control': 'no-cache'})
2026-05-20 15:10:54 - selenium.webdriver.remote.remote_connection - DEBUG - Finished Request
2026-05-20 15:10:54 - selenium.webdriver.remote.remote_connection - DEBUG - GET http://localhost:56249/session/58134fd4fd99316410d22580f3a0ff53/element/f.EB2F3A6C47F91EB9FEC21F0E470A15F4.d.37283FADF33D00E8D61746D269BB0C78.e.180/text {}
2026-05-20 15:10:54 - urllib3.connectionpool - DEBUG - http://localhost:56249 "GET /session/58134fd4fd99316410d22580f3a0ff53/element/f.EB2F3A6C47F91EB9FEC21F0E470A15F4.d.37283FADF33D00E8D61746D269BB0C78.e.180/text HTTP/1.1" 200 0
2026-05-20 15:10:54 - selenium.webdriver.remote.remote_connection - DEBUG - Remote response: status=200 | data={"value":"Fund Information as of May 20 2026"} | headers=HTTPHeaderDict({'Content-Length': '46', 'Content-Type': 'application/json; charset=utf-8', 'cache-control': 'no-cache'})
2026-05-20 15:10:54 - selenium.webdriver.remote.remote_connection - DEBUG - Finished Request
2026-05-20 15:10:54 - selenium.webdriver.remote.remote_connection - DEBUG - POST http://localhost:56249/session/58134fd4fd99316410d22580f3a0ff53/element/f.EB2F3A6C47F91EB9FEC21F0E470A15F4.d.37283FADF33D00E8D61746D269BB0C78.e.172/element {'using': 'css selector', 'value': 'h2.comp-title'}
2026-05-20 15:10:54 - urllib3.connectionpool - DEBUG - http://localhost:56249 "POST /session/58134fd4fd99316410d22580f3a0ff53/element/f.EB2F3A6C47F91EB9FEC21F0E470A15F4.d.37283FADF33D00E8D61746D269BB0C78.e.172/element HTTP/1.1" 200 0
2026-05-20 15:10:54 - selenium.webdriver.remote.remote_connection - DEBUG - Remote response: status=200 | data={"value":{"element-6066-11e4-a52e-4f735466cecf":"f.EB2F3A6C47F91EB9FEC21F0E470A15F4.d.37283FADF33D00E8D61746D269BB0C78.e.181"}} | headers=HTTPHeaderDict({'Content-Length': '127', 'Content-Type': 'application/json; charset=utf-8', 'cache-control': 'no-cache'})
2026-05-20 15:10:54 - selenium.webdriver.remote.remote_connection - DEBUG - Finished Request
2026-05-20 15:10:54 - selenium.webdriver.remote.remote_connection - DEBUG - GET http://localhost:56249/session/58134fd4fd99316410d22580f3a0ff53/element/f.EB2F3A6C47F91EB9FEC21F0E470A15F4.d.37283FADF33D00E8D61746D269BB0C78.e.181/text {}
2026-05-20 15:10:54 - urllib3.connectionpool - DEBUG - http://localhost:56249 "GET /session/58134fd4fd99316410d22580f3a0ff53/element/f.EB2F3A6C47F91EB9FEC21F0E470A15F4.d.37283FADF33D00E8D61746D269BB0C78.e.181/text HTTP/1.1" 200 0
2026-05-20 15:10:54 - selenium.webdriver.remote.remote_connection - DEBUG - Remote response: status=200 | data={"value":"Fund Characteristics as of May 19 2026"} | headers=HTTPHeaderDict({'Content-Length': '50', 'Content-Type': 'application/json; charset=utf-8', 'cache-control': 'no-cache'})
2026-05-20 15:10:54 - selenium.webdriver.remote.remote_connection - DEBUG - Finished Request
2026-05-20 15:10:54 - selenium.webdriver.remote.remote_connection - DEBUG - POST http://localhost:56249/session/58134fd4fd99316410d22580f3a0ff53/execute/sync {'script': "arguments[0].scrollIntoView({behavior: 'smooth', block: 'center'});", 'args': [{'element-6066-11e4-a52e-4f735466cecf': 'f.EB2F3A6C47F91EB9FEC21F0E470A15F4.d.37283FADF33D00E8D61746D269BB0C78.e.172'}]}
2026-05-20 15:10:54 - urllib3.connectionpool - DEBUG - http://localhost:56249 "POST /session/58134fd4fd99316410d22580f3a0ff53/execute/sync HTTP/1.1" 200 0
2026-05-20 15:10:54 - selenium.webdriver.remote.remote_connection - DEBUG - Remote response: status=200 | data={"value":null} | headers=HTTPHeaderDict({'Content-Length': '14', 'Content-Type': 'application/json; charset=utf-8', 'cache-control': 'no-cache'})
2026-05-20 15:10:54 - selenium.webdriver.remote.remote_connection - DEBUG - Finished Request
2026-05-20 15:10:56 - scraper - INFO - Scrolled to Fund Characteristics section
2026-05-20 15:10:56 - scraper - INFO - Extracting fund data for SPIB...
2026-05-20 15:10:56 - selenium.webdriver.remote.remote_connection - DEBUG - POST http://localhost:56249/session/58134fd4fd99316410d22580f3a0ff53/elements {'using': 'css selector', 'value': 'div.keyvalue.fundcomps'}
2026-05-20 15:10:56 - urllib3.connectionpool - DEBUG - http://localhost:56249 "POST /session/58134fd4fd99316410d22580f3a0ff53/elements HTTP/1.1" 200 0
2026-05-20 15:10:56 - selenium.webdriver.remote.remote_connection - DEBUG - Remote response: status=200 | data={"value":[{"element-6066-11e4-a52e-4f735466cecf":"f.EB2F3A6C47F91EB9FEC21F0E470A15F4.d.37283FADF33D00E8D61746D269BB0C78.e.171"},{"element-6066-11e4-a52e-4f735466cecf":"f.EB2F3A6C47F91EB9FEC21F0E470A15F4.d.37283FADF33D00E8D61746D269BB0C78.e.172"},{"element-6066-11e4-a52e-4f735466cecf":"f.EB2F3A6C47F91EB9FEC21F0E470A15F4.d.37283FADF33D00E8D61746D269BB0C78.e.173"},{"element-6066-11e4-a52e-4f735466cecf":"f.EB2F3A6C47F91EB9FEC21F0E470A15F4.d.37283FADF33D00E8D61746D269BB0C78.e.174"},{"element-6066-11e4-a52e-4f735466cecf":"f.EB2F3A6C47F91EB9FEC21F0E470A15F4.d.37283FADF33D00E8D61746D269BB0C78.e.175"},{"element-6066-11e4-a52e-4f735466cecf":"f.EB2F3A6C47F91EB9FEC21F0E470A15F4.d.37283FADF33D00E8D61746D269BB0C78.e.176"},{"element-6066-11e4-a52e-4f735466cecf":"f.EB2F3A6C47F91EB9FEC21F0E470A15F4.d.37283FADF33D00E8D61746D269BB0C78.e.177"},{"element-6066-11e4-a52e-4f735466cecf":"f.EB2F3A6C47F91EB9FEC21F0E470A15F4.d.37283FADF33D00E8D61746D269BB0C78.e.178"},{"element-6066-11e4-a52e-4f735466cecf":"f.EB2F3A6C47F91EB9FEC21F0E470A15F4.d.37283FADF33D00E8D61746D269BB0C78.e.179"}]} | headers=HTTPHeaderDict({'Content-Length': '1073', 'Content-Type': 'application/json; charset=utf-8', 'cache-control': 'no-cache'})
2026-05-20 15:10:56 - selenium.webdriver.remote.remote_connection - DEBUG - Finished Request
2026-05-20 15:10:56 - selenium.webdriver.remote.remote_connection - DEBUG - POST http://localhost:56249/session/58134fd4fd99316410d22580f3a0ff53/element/f.EB2F3A6C47F91EB9FEC21F0E470A15F4.d.37283FADF33D00E8D61746D269BB0C78.e.171/element {'using': 'css selector', 'value': 'h2.comp-title'}
2026-05-20 15:10:56 - urllib3.connectionpool - DEBUG - http://localhost:56249 "POST /session/58134fd4fd99316410d22580f3a0ff53/element/f.EB2F3A6C47F91EB9FEC21F0E470A15F4.d.37283FADF33D00E8D61746D269BB0C78.e.171/element HTTP/1.1" 200 0
2026-05-20 15:10:56 - selenium.webdriver.remote.remote_connection - DEBUG - Remote response: status=200 | data={"value":{"element-6066-11e4-a52e-4f735466cecf":"f.EB2F3A6C47F91EB9FEC21F0E470A15F4.d.37283FADF33D00E8D61746D269BB0C78.e.180"}} | headers=HTTPHeaderDict({'Content-Length': '127', 'Content-Type': 'application/json; charset=utf-8', 'cache-control': 'no-cache'})
2026-05-20 15:10:56 - selenium.webdriver.remote.remote_connection - DEBUG - Finished Request
2026-05-20 15:10:56 - selenium.webdriver.remote.remote_connection - DEBUG - GET http://localhost:56249/session/58134fd4fd99316410d22580f3a0ff53/element/f.EB2F3A6C47F91EB9FEC21F0E470A15F4.d.37283FADF33D00E8D61746D269BB0C78.e.180/text {}
2026-05-20 15:10:56 - urllib3.connectionpool - DEBUG - http://localhost:56249 "GET /session/58134fd4fd99316410d22580f3a0ff53/element/f.EB2F3A6C47F91EB9FEC21F0E470A15F4.d.37283FADF33D00E8D61746D269BB0C78.e.180/text HTTP/1.1" 200 0
2026-05-20 15:10:56 - selenium.webdriver.remote.remote_connection - DEBUG - Remote response: status=200 | data={"value":"Fund Information as of May 20 2026"} | headers=HTTPHeaderDict({'Content-Length': '46', 'Content-Type': 'application/json; charset=utf-8', 'cache-control': 'no-cache'})
2026-05-20 15:10:56 - selenium.webdriver.remote.remote_connection - DEBUG - Finished Request
2026-05-20 15:10:56 - selenium.webdriver.remote.remote_connection - DEBUG - POST http://localhost:56249/session/58134fd4fd99316410d22580f3a0ff53/element/f.EB2F3A6C47F91EB9FEC21F0E470A15F4.d.37283FADF33D00E8D61746D269BB0C78.e.172/element {'using': 'css selector', 'value': 'h2.comp-title'}
2026-05-20 15:10:56 - urllib3.connectionpool - DEBUG - http://localhost:56249 "POST /session/58134fd4fd99316410d22580f3a0ff53/element/f.EB2F3A6C47F91EB9FEC21F0E470A15F4.d.37283FADF33D00E8D61746D269BB0C78.e.172/element HTTP/1.1" 200 0
2026-05-20 15:10:56 - selenium.webdriver.remote.remote_connection - DEBUG - Remote response: status=200 | data={"value":{"element-6066-11e4-a52e-4f735466cecf":"f.EB2F3A6C47F91EB9FEC21F0E470A15F4.d.37283FADF33D00E8D61746D269BB0C78.e.181"}} | headers=HTTPHeaderDict({'Content-Length': '127', 'Content-Type': 'application/json; charset=utf-8', 'cache-control': 'no-cache'})
2026-05-20 15:10:56 - selenium.webdriver.remote.remote_connection - DEBUG - Finished Request
2026-05-20 15:10:56 - selenium.webdriver.remote.remote_connection - DEBUG - GET http://localhost:56249/session/58134fd4fd99316410d22580f3a0ff53/element/f.EB2F3A6C47F91EB9FEC21F0E470A15F4.d.37283FADF33D00E8D61746D269BB0C78.e.181/text {}
2026-05-20 15:10:56 - urllib3.connectionpool - DEBUG - http://localhost:56249 "GET /session/58134fd4fd99316410d22580f3a0ff53/element/f.EB2F3A6C47F91EB9FEC21F0E470A15F4.d.37283FADF33D00E8D61746D269BB0C78.e.181/text HTTP/1.1" 200 0
2026-05-20 15:10:56 - selenium.webdriver.remote.remote_connection - DEBUG - Remote response: status=200 | data={"value":"Fund Characteristics as of May 19 2026"} | headers=HTTPHeaderDict({'Content-Length': '50', 'Content-Type': 'application/json; charset=utf-8', 'cache-control': 'no-cache'})
2026-05-20 15:10:56 - selenium.webdriver.remote.remote_connection - DEBUG - Finished Request
2026-05-20 15:10:56 - selenium.webdriver.remote.remote_connection - DEBUG - POST http://localhost:56249/session/58134fd4fd99316410d22580f3a0ff53/element/f.EB2F3A6C47F91EB9FEC21F0E470A15F4.d.37283FADF33D00E8D61746D269BB0C78.e.172/element {'using': 'css selector', 'value': 'h2.comp-title'}
2026-05-20 15:10:56 - urllib3.connectionpool - DEBUG - http://localhost:56249 "POST /session/58134fd4fd99316410d22580f3a0ff53/element/f.EB2F3A6C47F91EB9FEC21F0E470A15F4.d.37283FADF33D00E8D61746D269BB0C78.e.172/element HTTP/1.1" 200 0
2026-05-20 15:10:56 - selenium.webdriver.remote.remote_connection - DEBUG - Remote response: status=200 | data={"value":{"element-6066-11e4-a52e-4f735466cecf":"f.EB2F3A6C47F91EB9FEC21F0E470A15F4.d.37283FADF33D00E8D61746D269BB0C78.e.181"}} | headers=HTTPHeaderDict({'Content-Length': '127', 'Content-Type': 'application/json; charset=utf-8', 'cache-control': 'no-cache'})
2026-05-20 15:10:56 - selenium.webdriver.remote.remote_connection - DEBUG - Finished Request
2026-05-20 15:10:56 - selenium.webdriver.remote.remote_connection - DEBUG - POST http://localhost:56249/session/58134fd4fd99316410d22580f3a0ff53/element/f.EB2F3A6C47F91EB9FEC21F0E470A15F4.d.37283FADF33D00E8D61746D269BB0C78.e.181/element {'using': 'css selector', 'value': 'span.date'}
2026-05-20 15:10:56 - urllib3.connectionpool - DEBUG - http://localhost:56249 "POST /session/58134fd4fd99316410d22580f3a0ff53/element/f.EB2F3A6C47F91EB9FEC21F0E470A15F4.d.37283FADF33D00E8D61746D269BB0C78.e.181/element HTTP/1.1" 200 0
2026-05-20 15:10:56 - selenium.webdriver.remote.remote_connection - DEBUG - Remote response: status=200 | data={"value":{"element-6066-11e4-a52e-4f735466cecf":"f.EB2F3A6C47F91EB9FEC21F0E470A15F4.d.37283FADF33D00E8D61746D269BB0C78.e.186"}} | headers=HTTPHeaderDict({'Content-Length': '127', 'Content-Type': 'application/json; charset=utf-8', 'cache-control': 'no-cache'})
2026-05-20 15:10:56 - selenium.webdriver.remote.remote_connection - DEBUG - Finished Request
2026-05-20 15:10:56 - selenium.webdriver.remote.remote_connection - DEBUG - GET http://localhost:56249/session/58134fd4fd99316410d22580f3a0ff53/element/f.EB2F3A6C47F91EB9FEC21F0E470A15F4.d.37283FADF33D00E8D61746D269BB0C78.e.186/text {}
2026-05-20 15:10:56 - urllib3.connectionpool - DEBUG - http://localhost:56249 "GET /session/58134fd4fd99316410d22580f3a0ff53/element/f.EB2F3A6C47F91EB9FEC21F0E470A15F4.d.37283FADF33D00E8D61746D269BB0C78.e.186/text HTTP/1.1" 200 0
2026-05-20 15:10:56 - selenium.webdriver.remote.remote_connection - DEBUG - Remote response: status=200 | data={"value":"as of May 19 2026"} | headers=HTTPHeaderDict({'Content-Length': '29', 'Content-Type': 'application/json; charset=utf-8', 'cache-control': 'no-cache'})
2026-05-20 15:10:56 - selenium.webdriver.remote.remote_connection - DEBUG - Finished Request
2026-05-20 15:10:56 - scraper - INFO - Found date: May 19 2026
2026-05-20 15:10:56 - selenium.webdriver.remote.remote_connection - DEBUG - POST http://localhost:56249/session/58134fd4fd99316410d22580f3a0ff53/element/f.EB2F3A6C47F91EB9FEC21F0E470A15F4.d.37283FADF33D00E8D61746D269BB0C78.e.172/element {'using': 'css selector', 'value': 'table.tb-keyvalue'}
2026-05-20 15:10:56 - urllib3.connectionpool - DEBUG - http://localhost:56249 "POST /session/58134fd4fd99316410d22580f3a0ff53/element/f.EB2F3A6C47F91EB9FEC21F0E470A15F4.d.37283FADF33D00E8D61746D269BB0C78.e.172/element HTTP/1.1" 200 0
2026-05-20 15:10:56 - selenium.webdriver.remote.remote_connection - DEBUG - Remote response: status=200 | data={"value":{"element-6066-11e4-a52e-4f735466cecf":"f.EB2F3A6C47F91EB9FEC21F0E470A15F4.d.37283FADF33D00E8D61746D269BB0C78.e.187"}} | headers=HTTPHeaderDict({'Content-Length': '127', 'Content-Type': 'application/json; charset=utf-8', 'cache-control': 'no-cache'})
2026-05-20 15:10:56 - selenium.webdriver.remote.remote_connection - DEBUG - Finished Request
2026-05-20 15:10:56 - selenium.webdriver.remote.remote_connection - DEBUG - POST http://localhost:56249/session/58134fd4fd99316410d22580f3a0ff53/element/f.EB2F3A6C47F91EB9FEC21F0E470A15F4.d.37283FADF33D00E8D61746D269BB0C78.e.187/elements {'using': 'css selector', 'value': 'tr'}
2026-05-20 15:10:56 - urllib3.connectionpool - DEBUG - http://localhost:56249 "POST /session/58134fd4fd99316410d22580f3a0ff53/element/f.EB2F3A6C47F91EB9FEC21F0E470A15F4.d.37283FADF33D00E8D61746D269BB0C78.e.187/elements HTTP/1.1" 200 0
2026-05-20 15:10:56 - selenium.webdriver.remote.remote_connection - DEBUG - Remote response: status=200 | data={"value":[{"element-6066-11e4-a52e-4f735466cecf":"f.EB2F3A6C47F91EB9FEC21F0E470A15F4.d.37283FADF33D00E8D61746D269BB0C78.e.188"},{"element-6066-11e4-a52e-4f735466cecf":"f.EB2F3A6C47F91EB9FEC21F0E470A15F4.d.37283FADF33D00E8D61746D269BB0C78.e.189"},{"element-6066-11e4-a52e-4f735466cecf":"f.EB2F3A6C47F91EB9FEC21F0E470A15F4.d.37283FADF33D00E8D61746D269BB0C78.e.190"},{"element-6066-11e4-a52e-4f735466cecf":"f.EB2F3A6C47F91EB9FEC21F0E470A15F4.d.37283FADF33D00E8D61746D269BB0C78.e.191"},{"element-6066-11e4-a52e-4f735466cecf":"f.EB2F3A6C47F91EB9FEC21F0E470A15F4.d.37283FADF33D00E8D61746D269BB0C78.e.192"},{"element-6066-11e4-a52e-4f735466cecf":"f.EB2F3A6C47F91EB9FEC21F0E470A15F4.d.37283FADF33D00E8D61746D269BB0C78.e.193"},{"element-6066-11e4-a52e-4f735466cecf":"f.EB2F3A6C47F91EB9FEC21F0E470A15F4.d.37283FADF33D00E8D61746D269BB0C78.e.194"},{"element-6066-11e4-a52e-4f735466cecf":"f.EB2F3A6C47F91EB9FEC21F0E470A15F4.d.37283FADF33D00E8D61746D269BB0C78.e.195"}]} | headers=HTTPHeaderDict({'Content-Length': '955', 'Content-Type': 'application/json; charset=utf-8', 'cache-control': 'no-cache'})
2026-05-20 15:10:56 - selenium.webdriver.remote.remote_connection - DEBUG - Finished Request
2026-05-20 15:10:56 - selenium.webdriver.remote.remote_connection - DEBUG - POST http://localhost:56249/session/58134fd4fd99316410d22580f3a0ff53/element/f.EB2F3A6C47F91EB9FEC21F0E470A15F4.d.37283FADF33D00E8D61746D269BB0C78.e.188/element {'using': 'css selector', 'value': 'th.label'}
2026-05-20 15:10:56 - urllib3.connectionpool - DEBUG - http://localhost:56249 "POST /session/58134fd4fd99316410d22580f3a0ff53/element/f.EB2F3A6C47F91EB9FEC21F0E470A15F4.d.37283FADF33D00E8D61746D269BB0C78.e.188/element HTTP/1.1" 200 0
2026-05-20 15:10:56 - selenium.webdriver.remote.remote_connection - DEBUG - Remote response: status=200 | data={"value":{"element-6066-11e4-a52e-4f735466cecf":"f.EB2F3A6C47F91EB9FEC21F0E470A15F4.d.37283FADF33D00E8D61746D269BB0C78.e.196"}} | headers=HTTPHeaderDict({'Content-Length': '127', 'Content-Type': 'application/json; charset=utf-8', 'cache-control': 'no-cache'})
2026-05-20 15:10:56 - selenium.webdriver.remote.remote_connection - DEBUG - Finished Request
2026-05-20 15:10:56 - selenium.webdriver.remote.remote_connection - DEBUG - GET http://localhost:56249/session/58134fd4fd99316410d22580f3a0ff53/element/f.EB2F3A6C47F91EB9FEC21F0E470A15F4.d.37283FADF33D00E8D61746D269BB0C78.e.196/text {}
2026-05-20 15:10:56 - urllib3.connectionpool - DEBUG - http://localhost:56249 "GET /session/58134fd4fd99316410d22580f3a0ff53/element/f.EB2F3A6C47F91EB9FEC21F0E470A15F4.d.37283FADF33D00E8D61746D269BB0C78.e.196/text HTTP/1.1" 200 0
2026-05-20 15:10:56 - selenium.webdriver.remote.remote_connection - DEBUG - Remote response: status=200 | data={"value":"Number of Holdings"} | headers=HTTPHeaderDict({'Content-Length': '30', 'Content-Type': 'application/json; charset=utf-8', 'cache-control': 'no-cache'})
2026-05-20 15:10:56 - selenium.webdriver.remote.remote_connection - DEBUG - Finished Request
2026-05-20 15:10:56 - selenium.webdriver.remote.remote_connection - DEBUG - POST http://localhost:56249/session/58134fd4fd99316410d22580f3a0ff53/element/f.EB2F3A6C47F91EB9FEC21F0E470A15F4.d.37283FADF33D00E8D61746D269BB0C78.e.189/element {'using': 'css selector', 'value': 'th.label'}
2026-05-20 15:10:56 - urllib3.connectionpool - DEBUG - http://localhost:56249 "POST /session/58134fd4fd99316410d22580f3a0ff53/element/f.EB2F3A6C47F91EB9FEC21F0E470A15F4.d.37283FADF33D00E8D61746D269BB0C78.e.189/element HTTP/1.1" 200 0
2026-05-20 15:10:56 - selenium.webdriver.remote.remote_connection - DEBUG - Remote response: status=200 | data={"value":{"element-6066-11e4-a52e-4f735466cecf":"f.EB2F3A6C47F91EB9FEC21F0E470A15F4.d.37283FADF33D00E8D61746D269BB0C78.e.197"}} | headers=HTTPHeaderDict({'Content-Length': '127', 'Content-Type': 'application/json; charset=utf-8', 'cache-control': 'no-cache'})
2026-05-20 15:10:56 - selenium.webdriver.remote.remote_connection - DEBUG - Finished Request
2026-05-20 15:10:56 - selenium.webdriver.remote.remote_connection - DEBUG - GET http://localhost:56249/session/58134fd4fd99316410d22580f3a0ff53/element/f.EB2F3A6C47F91EB9FEC21F0E470A15F4.d.37283FADF33D00E8D61746D269BB0C78.e.197/text {}
2026-05-20 15:10:56 - urllib3.connectionpool - DEBUG - http://localhost:56249 "GET /session/58134fd4fd99316410d22580f3a0ff53/element/f.EB2F3A6C47F91EB9FEC21F0E470A15F4.d.37283FADF33D00E8D61746D269BB0C78.e.197/text HTTP/1.1" 200 0
2026-05-20 15:10:56 - selenium.webdriver.remote.remote_connection - DEBUG - Remote response: status=200 | data={"value":"Average Coupon"} | headers=HTTPHeaderDict({'Content-Length': '26', 'Content-Type': 'application/json; charset=utf-8', 'cache-control': 'no-cache'})
2026-05-20 15:10:56 - selenium.webdriver.remote.remote_connection - DEBUG - Finished Request
2026-05-20 15:10:56 - selenium.webdriver.remote.remote_connection - DEBUG - POST http://localhost:56249/session/58134fd4fd99316410d22580f3a0ff53/element/f.EB2F3A6C47F91EB9FEC21F0E470A15F4.d.37283FADF33D00E8D61746D269BB0C78.e.190/element {'using': 'css selector', 'value': 'th.label'}
2026-05-20 15:10:56 - urllib3.connectionpool - DEBUG - http://localhost:56249 "POST /session/58134fd4fd99316410d22580f3a0ff53/element/f.EB2F3A6C47F91EB9FEC21F0E470A15F4.d.37283FADF33D00E8D61746D269BB0C78.e.190/element HTTP/1.1" 200 0
2026-05-20 15:10:56 - selenium.webdriver.remote.remote_connection - DEBUG - Remote response: status=200 | data={"value":{"element-6066-11e4-a52e-4f735466cecf":"f.EB2F3A6C47F91EB9FEC21F0E470A15F4.d.37283FADF33D00E8D61746D269BB0C78.e.198"}} | headers=HTTPHeaderDict({'Content-Length': '127', 'Content-Type': 'application/json; charset=utf-8', 'cache-control': 'no-cache'})
2026-05-20 15:10:56 - selenium.webdriver.remote.remote_connection - DEBUG - Finished Request
2026-05-20 15:10:56 - selenium.webdriver.remote.remote_connection - DEBUG - GET http://localhost:56249/session/58134fd4fd99316410d22580f3a0ff53/element/f.EB2F3A6C47F91EB9FEC21F0E470A15F4.d.37283FADF33D00E8D61746D269BB0C78.e.198/text {}
2026-05-20 15:10:56 - urllib3.connectionpool - DEBUG - http://localhost:56249 "GET /session/58134fd4fd99316410d22580f3a0ff53/element/f.EB2F3A6C47F91EB9FEC21F0E470A15F4.d.37283FADF33D00E8D61746D269BB0C78.e.198/text HTTP/1.1" 200 0
2026-05-20 15:10:56 - selenium.webdriver.remote.remote_connection - DEBUG - Remote response: status=200 | data={"value":"Average Maturity in Years"} | headers=HTTPHeaderDict({'Content-Length': '37', 'Content-Type': 'application/json; charset=utf-8', 'cache-control': 'no-cache'})
2026-05-20 15:10:56 - selenium.webdriver.remote.remote_connection - DEBUG - Finished Request
2026-05-20 15:10:56 - selenium.webdriver.remote.remote_connection - DEBUG - POST http://localhost:56249/session/58134fd4fd99316410d22580f3a0ff53/element/f.EB2F3A6C47F91EB9FEC21F0E470A15F4.d.37283FADF33D00E8D61746D269BB0C78.e.191/element {'using': 'css selector', 'value': 'th.label'}
2026-05-20 15:10:56 - urllib3.connectionpool - DEBUG - http://localhost:56249 "POST /session/58134fd4fd99316410d22580f3a0ff53/element/f.EB2F3A6C47F91EB9FEC21F0E470A15F4.d.37283FADF33D00E8D61746D269BB0C78.e.191/element HTTP/1.1" 200 0
2026-05-20 15:10:56 - selenium.webdriver.remote.remote_connection - DEBUG - Remote response: status=200 | data={"value":{"element-6066-11e4-a52e-4f735466cecf":"f.EB2F3A6C47F91EB9FEC21F0E470A15F4.d.37283FADF33D00E8D61746D269BB0C78.e.199"}} | headers=HTTPHeaderDict({'Content-Length': '127', 'Content-Type': 'application/json; charset=utf-8', 'cache-control': 'no-cache'})
2026-05-20 15:10:56 - selenium.webdriver.remote.remote_connection - DEBUG - Finished Request
2026-05-20 15:10:56 - selenium.webdriver.remote.remote_connection - DEBUG - GET http://localhost:56249/session/58134fd4fd99316410d22580f3a0ff53/element/f.EB2F3A6C47F91EB9FEC21F0E470A15F4.d.37283FADF33D00E8D61746D269BB0C78.e.199/text {}
2026-05-20 15:10:56 - urllib3.connectionpool - DEBUG - http://localhost:56249 "GET /session/58134fd4fd99316410d22580f3a0ff53/element/f.EB2F3A6C47F91EB9FEC21F0E470A15F4.d.37283FADF33D00E8D61746D269BB0C78.e.199/text HTTP/1.1" 200 0
2026-05-20 15:10:56 - selenium.webdriver.remote.remote_connection - DEBUG - Remote response: status=200 | data={"value":"Average Price"} | headers=HTTPHeaderDict({'Content-Length': '25', 'Content-Type': 'application/json; charset=utf-8', 'cache-control': 'no-cache'})
2026-05-20 15:10:56 - selenium.webdriver.remote.remote_connection - DEBUG - Finished Request
2026-05-20 15:10:56 - selenium.webdriver.remote.remote_connection - DEBUG - POST http://localhost:56249/session/58134fd4fd99316410d22580f3a0ff53/element/f.EB2F3A6C47F91EB9FEC21F0E470A15F4.d.37283FADF33D00E8D61746D269BB0C78.e.192/element {'using': 'css selector', 'value': 'th.label'}
2026-05-20 15:10:56 - urllib3.connectionpool - DEBUG - http://localhost:56249 "POST /session/58134fd4fd99316410d22580f3a0ff53/element/f.EB2F3A6C47F91EB9FEC21F0E470A15F4.d.37283FADF33D00E8D61746D269BB0C78.e.192/element HTTP/1.1" 200 0
2026-05-20 15:10:56 - selenium.webdriver.remote.remote_connection - DEBUG - Remote response: status=200 | data={"value":{"element-6066-11e4-a52e-4f735466cecf":"f.EB2F3A6C47F91EB9FEC21F0E470A15F4.d.37283FADF33D00E8D61746D269BB0C78.e.200"}} | headers=HTTPHeaderDict({'Content-Length': '127', 'Content-Type': 'application/json; charset=utf-8', 'cache-control': 'no-cache'})
2026-05-20 15:10:56 - selenium.webdriver.remote.remote_connection - DEBUG - Finished Request
2026-05-20 15:10:56 - selenium.webdriver.remote.remote_connection - DEBUG - GET http://localhost:56249/session/58134fd4fd99316410d22580f3a0ff53/element/f.EB2F3A6C47F91EB9FEC21F0E470A15F4.d.37283FADF33D00E8D61746D269BB0C78.e.200/text {}
2026-05-20 15:10:56 - urllib3.connectionpool - DEBUG - http://localhost:56249 "GET /session/58134fd4fd99316410d22580f3a0ff53/element/f.EB2F3A6C47F91EB9FEC21F0E470A15F4.d.37283FADF33D00E8D61746D269BB0C78.e.200/text HTTP/1.1" 200 0
2026-05-20 15:10:56 - selenium.webdriver.remote.remote_connection - DEBUG - Remote response: status=200 | data={"value":"Average Yield To Worst"} | headers=HTTPHeaderDict({'Content-Length': '34', 'Content-Type': 'application/json; charset=utf-8', 'cache-control': 'no-cache'})
2026-05-20 15:10:56 - selenium.webdriver.remote.remote_connection - DEBUG - Finished Request
2026-05-20 15:10:56 - selenium.webdriver.remote.remote_connection - DEBUG - POST http://localhost:56249/session/58134fd4fd99316410d22580f3a0ff53/element/f.EB2F3A6C47F91EB9FEC21F0E470A15F4.d.37283FADF33D00E8D61746D269BB0C78.e.193/element {'using': 'css selector', 'value': 'th.label'}
2026-05-20 15:10:56 - urllib3.connectionpool - DEBUG - http://localhost:56249 "POST /session/58134fd4fd99316410d22580f3a0ff53/element/f.EB2F3A6C47F91EB9FEC21F0E470A15F4.d.37283FADF33D00E8D61746D269BB0C78.e.193/element HTTP/1.1" 200 0
2026-05-20 15:10:56 - selenium.webdriver.remote.remote_connection - DEBUG - Remote response: status=200 | data={"value":{"element-6066-11e4-a52e-4f735466cecf":"f.EB2F3A6C47F91EB9FEC21F0E470A15F4.d.37283FADF33D00E8D61746D269BB0C78.e.201"}} | headers=HTTPHeaderDict({'Content-Length': '127', 'Content-Type': 'application/json; charset=utf-8', 'cache-control': 'no-cache'})
2026-05-20 15:10:56 - selenium.webdriver.remote.remote_connection - DEBUG - Finished Request
2026-05-20 15:10:56 - selenium.webdriver.remote.remote_connection - DEBUG - GET http://localhost:56249/session/58134fd4fd99316410d22580f3a0ff53/element/f.EB2F3A6C47F91EB9FEC21F0E470A15F4.d.37283FADF33D00E8D61746D269BB0C78.e.201/text {}
2026-05-20 15:10:56 - urllib3.connectionpool - DEBUG - http://localhost:56249 "GET /session/58134fd4fd99316410d22580f3a0ff53/element/f.EB2F3A6C47F91EB9FEC21F0E470A15F4.d.37283FADF33D00E8D61746D269BB0C78.e.201/text HTTP/1.1" 200 0
2026-05-20 15:10:56 - selenium.webdriver.remote.remote_connection - DEBUG - Remote response: status=200 | data={"value":"Option Adjusted Duration"} | headers=HTTPHeaderDict({'Content-Length': '36', 'Content-Type': 'application/json; charset=utf-8', 'cache-control': 'no-cache'})
2026-05-20 15:10:56 - selenium.webdriver.remote.remote_connection - DEBUG - Finished Request
2026-05-20 15:10:56 - selenium.webdriver.remote.remote_connection - DEBUG - POST http://localhost:56249/session/58134fd4fd99316410d22580f3a0ff53/element/f.EB2F3A6C47F91EB9FEC21F0E470A15F4.d.37283FADF33D00E8D61746D269BB0C78.e.193/element {'using': 'css selector', 'value': 'td.data'}
2026-05-20 15:10:56 - urllib3.connectionpool - DEBUG - http://localhost:56249 "POST /session/58134fd4fd99316410d22580f3a0ff53/element/f.EB2F3A6C47F91EB9FEC21F0E470A15F4.d.37283FADF33D00E8D61746D269BB0C78.e.193/element HTTP/1.1" 200 0
2026-05-20 15:10:56 - selenium.webdriver.remote.remote_connection - DEBUG - Remote response: status=200 | data={"value":{"element-6066-11e4-a52e-4f735466cecf":"f.EB2F3A6C47F91EB9FEC21F0E470A15F4.d.37283FADF33D00E8D61746D269BB0C78.e.202"}} | headers=HTTPHeaderDict({'Content-Length': '127', 'Content-Type': 'application/json; charset=utf-8', 'cache-control': 'no-cache'})
2026-05-20 15:10:56 - selenium.webdriver.remote.remote_connection - DEBUG - Finished Request
2026-05-20 15:10:56 - selenium.webdriver.remote.remote_connection - DEBUG - GET http://localhost:56249/session/58134fd4fd99316410d22580f3a0ff53/element/f.EB2F3A6C47F91EB9FEC21F0E470A15F4.d.37283FADF33D00E8D61746D269BB0C78.e.202/text {}
2026-05-20 15:10:56 - urllib3.connectionpool - DEBUG - http://localhost:56249 "GET /session/58134fd4fd99316410d22580f3a0ff53/element/f.EB2F3A6C47F91EB9FEC21F0E470A15F4.d.37283FADF33D00E8D61746D269BB0C78.e.202/text HTTP/1.1" 200 0
2026-05-20 15:10:56 - selenium.webdriver.remote.remote_connection - DEBUG - Remote response: status=200 | data={"value":"4.13 years"} | headers=HTTPHeaderDict({'Content-Length': '22', 'Content-Type': 'application/json; charset=utf-8', 'cache-control': 'no-cache'})
2026-05-20 15:10:56 - selenium.webdriver.remote.remote_connection - DEBUG - Finished Request
2026-05-20 15:10:56 - scraper - INFO - Found Option Adjusted Duration: 4.13 years
2026-05-20 15:10:56 - selenium.webdriver.remote.remote_connection - DEBUG - POST http://localhost:56249/session/58134fd4fd99316410d22580f3a0ff53/execute/sync {'script': '/* getAttribute */return (function(){return (function(){var d=this||self;function f(a,b){function c(...', 'args': [{'element-6066-11e4-a52e-4f735466cecf': 'f.EB2F3A6C47F91EB9FEC21F0E470A15F4.d.37283FADF33D00E8D61746D269BB0C78.e.172'}, 'outerHTML']}
2026-05-20 15:10:56 - urllib3.connectionpool - DEBUG - http://localhost:56249 "POST /session/58134fd4fd99316410d22580f3a0ff53/execute/sync HTTP/1.1" 200 0
2026-05-20 15:10:56 - selenium.webdriver.remote.remote_connection - DEBUG - Remote response: status=200 | data={"value":"\u003Cdiv class=\"keyvalue fundcomps aem-GridColumn aem-GridColumn--default--12\">\n\n\n    \n    \n    \n    \u003Csection data-fundcomponent=\"true\">\n        \n            \u003Ch2 class=\"comp-title\">\n                Fund Characteristics\n                \n                \n                    \u003Cspan class=\"date\">as of May 19 2026\u003C/span>\n                \n                \u003Csvg class=\"ssmpsvg caret-down\" aria-hidden=\"true\">\u003Cuse xlink:href=\"#caret-down\">\u003C/use>\u003C/svg>\n            \u003C/h2>\n        \n        \n        \n\n        \u003Cdiv class=\"section-content\">\n            \n                \u003Ctable class=\"tb-keyvalue\">\n                    \u003Ctbody>\n                    \n                        \u003Ctr>\n                            \u003Cth class=\"label\" scope=\"row\">\n                                Number of Holdings\n                            \u003C/th>\n                            \u003Ctd class=\"data\">5,181\u003C/td>\n                        \u003C/tr>\n                    \n                        \u003Ctr>\n                            \u003Cth class=\"label\" scope=\"row\">\n                                Average Coupon\n    \u003Cspan class=\"info\" tabindex=\"0\">\n        \u003Csvg class=\"ssmpsvg icon_info\" aria-hidden=\"true\">\n            \u003Cuse xlink:href=\"#icon_info\">\u003C/use>\n        \u003C/svg>\n        \u003Cdiv class=\"info-data\">\n            \u003Cp>\u003Cstrong>﻿Average Coupon\u003C/strong>\u003C/p>\u003Cp>The market value weighted average coupon of the bonds in a portfolio.\u003C/p>\n        \u003C/div>\n    \u003C/span>\n\n                            \u003C/th>\n                            \u003Ctd class=\"data\">4.64%\u003C/td>\n                        \u003C/tr>\n                    \n                        \u003Ctr>\n                            \u003Cth class=\"label\" scope=\"row\">\n                                Average Maturity in Years\n    \u003Cspan class=\"info\" tabindex=\"0\">\n        \u003Csvg class=\"ssmpsvg icon_info\" aria-hidden=\"true\">\n            \u003Cuse xlink:href=\"#icon_info\">\u003C/use>\n        \u003C/svg>\n        \u003Cdiv class=\"info-data\">\n            \u003Cp>\u003Cstrong>Average Maturity\u003C/strong>\u003C/p>\u003Cp>The market value-weighted average maturity of the bonds and loans in a portfolio, where maturity is the length of time during which the investor will receive interest payments on the investment. When the bond reaches maturity the principal is repaid.\u003C/p>\n        \u003C/div>\n    \u003C/span>\n\n                            \u003C/th>\n                            \u003Ctd class=\"data\">4.92\u003C/td>\n                        \u003C/tr>\n                    \n                        \u003Ctr>\n                            \u003Cth class=\"label\" scope=\"row\">\n                                Average Price\n    \u003Cspan class=\"info\" tabindex=\"0\">\n        \u003Csvg class=\"ssmpsvg icon_info\" aria-hidden=\"true\">\n            \u003Cuse xlink:href=\"#icon_info\">\u003C/use>\n        \u003C/svg>\n        \u003Cdiv class=\"info-data\">\n            \u003Cp>\u003Cstrong>\u003C/strong>\u003Cstrong>Average Price\u003C/strong> The weighted average of each asset’s market price relative to its face value or par value.\u003C/p>\n        \u003C/div>\n    \u003C/span>\n\n                            \u003C/th>\n                            \u003Ctd class=\"data\">$99.08\u003C/td>\n                        \u003C/tr>\n                    \n                        \u003Ctr>\n                            \u003Cth class=\"label\" scope=\"row\">\n                                Average Yield To Worst\n    \u003Cspan class=\"info\" tabindex=\"0\">\n        \u003Csvg class=\"ssmpsvg icon_info\" aria-hidden=\"true\">\n            \u003Cuse xlink:href=\"#icon_info\">\u003C/use>\n        \u003C/svg>\n        \u003Cdiv class=\"info-data\">\n            \u003Cp>\u003Cstrong>Average Yield To Worst\u003C/strong>\u003C/p>\u003Cp>The lowest potential yield that can be received on a bond without the issuer actually defaulting. The YTW is calculated by making worst-case scenario assumptions on the issue by calculating the return that would be received if the issuer uses provisions, including prepayments. When aggregating YTW for a portfolio level statistic, the weighted average of the YTW and market value for each security is used.\u003C/p>\n        \u003C/div>\n    \u003C/span>\n\n                            \u003C/th>\n                            \u003Ctd class=\"data\">5.05%\u003C/td>\n                        \u003C/tr>\n                    \n                        \u003Ctr>\n                            \u003Cth class=\"label\" scope=\"row\">\n                                Option Adjusted Duration\n    \u003Cspan class=\"info\" tabindex=\"0\">\n        \u003Csvg class=\"ssmpsvg icon_info\" aria-hidden=\"true\">\n            \u003Cuse xlink:href=\"#icon_info\">\u003C/use>\n        \u003C/svg>\n        \u003Cdiv class=\"info-data\">\n            \u003Cp>\u003Cstrong>Option&nbsp;Adjusted\u003C/strong> \u003Cstrong>Duration\u003C/strong>\u003C/p>\u003Cp>Also known as effective duration which is a duration calculation that takes into account the effect of embedded options in bonds.&nbsp;An option-adjusted measure of a bond's (or portfolio's) sensitivity to changes in interest rates calculated as the average percentage change in a bond's value (price plus accrued interest) under shifts of the Treasury curve +/- 100 bps.&nbsp;\u003C/p>\n        \u003C/div>\n    \u003C/span>\n\n                            \u003C/th>\n                            \u003Ctd class=\"data\">4.13 years\u003C/td>\n                        \u003C/tr>\n                    \n                        \u003Ctr>\n                            \u003Cth class=\"label\" scope=\"row\">\n                                Option Adjusted Spread\n                            \u003C/th>\n                            \u003Ctd class=\"data\">69.58\u003C/td>\n                        \u003C/tr>\n                    \n                        \u003Ctr>\n                            \u003Cth class=\"label\" scope=\"row\">\n                                Yield to Maturity\n    \u003Cspan class=\"info\" tabindex=\"0\">\n        \u003Csvg class=\"ssmpsvg icon_info\" aria-hidden=\"true\">\n            \u003Cuse xlink:href=\"#icon_info\">\u003C/use>\n        \u003C/svg>\n        \u003Cdiv class=\"info-data\">\n            \u003Cp>\u003Cstrong>Yield to Maturity\u003C/strong>\u003C/p>\u003Cp>The market weighted average rate of return anticipated on the bonds held in a portfolio if they were to be held to their maturity date.\u003C/p>\n        \u003C/div>\n    \u003C/span>\n\n                            \u003C/th>\n                            \u003Ctd class=\"data\">5.05%\u003C/td>\n                        \u003C/tr>\n                    \n                    \n                    \u003C/tbody>\n                \u003C/table>\n            \n\n            \n\n            \n            \n            \n\n            \n\n            \n                \u003Cdiv class=\"download\">\n                    \n                    \n                    \n                    \n                    \n                \u003C/div>\n            \n            \n        \u003C/div>\n    \u003C/section>\n\u003C/div>"} | headers=HTTPHeaderDict({'Content-Length': '7417', 'Content-Type': 'application/json; charset=utf-8', 'cache-control': 'no-cache'})
2026-05-20 15:10:56 - selenium.webdriver.remote.remote_connection - DEBUG - Finished Request
2026-05-20 15:10:56 - scraper - INFO - Successfully scraped SPIB
2026-05-20 15:10:56 - scraper - INFO - 
Successfully scraped 2 products
2026-05-20 15:10:56 - selenium.webdriver.remote.remote_connection - DEBUG - DELETE http://localhost:56249/session/58134fd4fd99316410d22580f3a0ff53 {}
2026-05-20 15:10:56 - urllib3.connectionpool - DEBUG - http://localhost:56249 "DELETE /session/58134fd4fd99316410d22580f3a0ff53 HTTP/1.1" 200 0
2026-05-20 15:10:56 - selenium.webdriver.remote.remote_connection - DEBUG - Remote response: status=200 | data={"value":null} | headers=HTTPHeaderDict({'Content-Length': '14', 'Content-Type': 'application/json; charset=utf-8', 'cache-control': 'no-cache'})
2026-05-20 15:10:56 - selenium.webdriver.remote.remote_connection - DEBUG - Finished Request
2026-05-20 15:10:59 - scraper - INFO - Browser closed
2026-05-20 15:10:59 - __main__ - INFO - Successfully scraped 2 products
2026-05-20 15:10:59 - parser - INFO - Parsing scraped data...
2026-05-20 15:10:59 - parser - INFO - Parsed date: 2026-05-19
2026-05-20 15:10:59 - parser - INFO - JNK: 3.07 years
2026-05-20 15:10:59 - parser - INFO - SPIB: 4.13 years
2026-05-20 15:10:59 - parser - INFO - Loading master data from ./master_data\SSGADD_MASTER_DATA.xlsx
2026-05-20 15:10:59 - parser - INFO - Loaded 568 rows from master data
2026-05-20 15:10:59 - parser - INFO - Latest date in master: 2026-05-18
2026-05-20 15:10:59 - parser - INFO - New data detected: 2026-05-19 > 2026-05-18
2026-05-20 15:10:59 - parser - INFO - Merging master and scraped data...
2026-05-20 15:10:59 - parser - INFO - Merged data: 568 total rows
2026-05-20 15:10:59 - __main__ - INFO - Successfully merged 568 rows
2026-05-20 15:10:59 - file_generator - INFO - Creating DATA file with 568 records
2026-05-20 15:10:59 - file_generator - INFO - DATA file saved: ./output\20260520_151024\SSGADD_DATA_20260520_151024.xlsx
2026-05-20 15:10:59 - file_generator - INFO - Creating META file
2026-05-20 15:10:59 - file_generator - INFO - META file saved: ./output\20260520_151024\SSGADD_META_20260520_151024.xlsx
2026-05-20 15:10:59 - file_generator - INFO - Creating ZIP file: ./output\20260520_151024\SSGADD_20260520_151024.zip
2026-05-20 15:10:59 - file_generator - INFO - ZIP file created: ./output\20260520_151024\SSGADD_20260520_151024.zip
2026-05-20 15:10:59 - file_generator - INFO - Files also copied to 'latest' folder
2026-05-20 15:10:59 - file_generator - INFO - Saving updated master data file...
2026-05-20 15:10:59 - file_generator - INFO - Master data saved: ./master_data\SSGADD_MASTER_DATA.xlsx
2026-05-20 15:10:59 - __main__ - INFO - Orchestrator completed successfully
